erro, temperatura atual, integral
2.47, 300.68, 0.0
2.47, 300.68, 0.25
2.47, 300.68, 0.5
2.47, 300.68, 0.75
2.47, 300.68, 1.0
2.47, 300.68, 1.25
2.47, 300.68, 1.5
2.47, 300.68, 1.75
2.47, 300.68, 2.0
2.47, 300.68, 2.25
2.56, 300.59, 2.5
2.47, 300.68, 2.76
2.47, 300.68, 3.01
2.47, 300.68, 3.26
2.47, 300.68, 3.51
2.47, 300.68, 3.76
2.47, 300.68, 4.02
2.47, 300.68, 4.26
2.47, 300.68, 4.52
2.47, 300.68, 4.77
2.47, 300.68, 5.02
2.47, 300.68, 5.27
2.47, 300.68, 5.52
2.47, 300.68, 5.77
2.47, 300.68, 6.02
2.47, 300.68, 6.27
2.47, 300.68, 6.52
2.47, 300.68, 6.77
2.47, 300.68, 7.02
2.56, 300.59, 7.28
2.56, 300.59, 7.54
2.56, 300.59, 7.79
2.47, 300.68, 8.05
2.56, 300.59, 8.3
2.47, 300.68, 8.56
2.47, 300.68, 8.81
2.47, 300.68, 9.06
2.47, 300.68, 9.31
2.47, 300.68, 9.56
2.47, 300.68, 9.81
2.47, 300.68, 10.06
2.47, 300.68, 10.31
2.56, 300.59, 10.57
2.47, 300.68, 10.82
2.47, 300.68, 11.07
2.47, 300.68, 11.32
2.56, 300.59, 11.58
2.47, 300.68, 11.83
2.47, 300.68, 12.08
2.47, 300.68, 12.33
2.47, 300.68, 12.59
2.56, 300.59, 12.84
2.47, 300.68, 13.1
2.47, 300.68, 13.35
2.47, 300.68, 13.6
2.47, 300.68, 13.85
2.47, 300.68, 14.1
2.47, 300.68, 14.35
2.47, 300.68, 14.6
2.47, 300.68, 14.85
2.47, 300.68, 15.1
2.47, 300.68, 15.35
2.47, 300.68, 15.6
2.47, 300.68, 15.85
2.56, 300.59, 16.11
2.56, 300.59, 16.37
2.47, 300.68, 16.63
2.56, 300.59, 16.88
2.47, 300.68, 17.14
2.47, 300.68, 17.39
2.47, 300.68, 17.63
2.47, 300.68, 17.89
2.47, 300.68, 18.14
2.47, 300.68, 18.38
2.56, 300.59, 18.64
2.56, 300.59, 18.9
2.47, 300.68, 19.16
2.47, 300.68, 19.41
2.47, 300.68, 19.66
2.47, 300.68, 19.91
2.47, 300.68, 20.16
2.47, 300.68, 20.41
2.56, 300.59, 20.66
2.56, 300.59, 20.92
2.56, 300.59, 21.19
2.56, 300.59, 21.44
2.56, 300.59, 21.7
2.47, 300.68, 21.96
2.47, 300.68, 22.21
2.47, 300.68, 22.46
2.47, 300.68, 22.71
2.47, 300.68, 22.96
2.56, 300.59, 23.22
2.56, 300.59, 23.48
2.56, 300.59, 23.73
2.56, 300.59, 23.99
2.56, 300.59, 24.25
2.56, 300.59, 24.52
2.56, 300.59, 24.77
2.47, 300.68, 25.03
2.47, 300.68, 25.28
2.56, 300.59, 25.8
2.56, 300.59, 26.05
2.56, 300.59, 26.31
2.56, 300.59, 26.57
2.56, 300.59, 26.83
2.56, 300.59, 27.09
2.47, 300.68, 27.35
2.47, 300.68, 27.6
2.47, 300.68, 27.85
2.56, 300.59, 28.1
2.56, 300.59, 28.36
2.56, 300.59, 28.62
2.56, 300.59, 28.88
2.56, 300.59, 29.14
2.56, 300.59, 29.4
2.56, 300.59, 29.66
2.56, 300.59, 29.92
2.47, 300.68, 30.18
2.56, 300.59, 30.43
2.47, 300.68, 30.69
2.47, 300.68, 30.94
2.56, 300.59, 31.19
2.56, 300.59, 31.45
2.56, 300.59, 31.71
2.56, 300.59, 31.97
2.56, 300.59, 32.23
2.56, 300.59, 32.49
2.47, 300.68, 32.75
2.47, 300.68, 33.0
2.47, 300.68, 33.25
2.56, 300.59, 33.5
2.56, 300.59, 33.76
2.56, 300.59, 34.02
2.56, 300.59, 34.28
2.56, 300.59, 34.54
2.56, 300.59, 34.8
2.47, 300.68, 35.06
2.56, 300.59, 35.31
2.56, 300.59, 35.58
2.47, 300.68, 35.83
2.56, 300.59, 36.09
2.56, 300.59, 36.34
2.56, 300.59, 36.6
2.56, 300.59, 36.86
2.56, 300.59, 37.12
2.56, 300.59, 37.38
2.56, 300.59, 37.64
2.56, 300.59, 37.9
2.47, 300.68, 38.16
2.47, 300.68, 38.41
2.56, 300.59, 38.66
2.47, 300.68, 38.92
2.56, 300.59, 39.17
2.56, 300.59, 39.43
2.56, 300.59, 39.69
2.56, 300.59, 39.95
2.56, 300.59, 40.21
2.47, 300.68, 40.46
2.47, 300.68, 40.72
2.47, 300.68, 40.97
2.47, 300.68, 41.22
2.56, 300.59, 41.48
2.47, 300.68, 41.73
2.56, 300.59, 41.99
2.56, 300.59, 42.24
2.56, 300.59, 42.5
2.56, 300.59, 42.76
2.56, 300.59, 43.02
2.56, 300.59, 43.28
2.47, 300.68, 43.54
2.47, 300.68, 43.79
2.47, 300.68, 44.04
2.47, 300.68, 44.29
2.56, 300.59, 44.55
2.56, 300.59, 44.81
2.56, 300.59, 45.06
2.56, 300.59, 45.33
2.47, 300.68, 45.58
2.47, 300.68, 45.83
2.47, 300.68, 46.08
2.56, 300.59, 46.33
2.56, 300.59, 46.6
2.47, 300.68, 46.85
2.47, 300.68, 47.1
2.47, 300.68, 47.35
2.56, 300.59, 47.61
2.47, 300.68, 47.86
2.47, 300.68, 48.11
2.47, 300.68, 48.36
2.47, 300.68, 48.61
2.47, 300.68, 48.86
2.47, 300.68, 49.11
2.47, 300.68, 49.37
2.56, 300.59, 49.62
2.47, 300.68, 49.88
2.47, 300.68, 50.13
2.56, 300.59, 50.38
2.47, 300.68, 50.64
2.47, 300.68, 50.89
2.47, 300.68, 51.14
2.47, 300.68, 51.39
2.47, 300.68, 51.64
2.47, 300.68, 51.89
2.47, 300.68, 52.14
2.47, 300.68, 52.39
2.47, 300.68, 52.64
2.47, 300.68, 52.89
2.47, 300.68, 53.14
2.47, 300.68, 53.39
2.47, 300.68, 53.64
2.47, 300.68, 53.89
2.47, 300.68, 54.14
2.47, 300.68, 54.39
2.47, 300.68, 54.64
2.47, 300.68, 54.9
2.47, 300.68, 55.15
2.47, 300.68, 55.4
2.47, 300.68, 55.65
2.47, 300.68, 55.9
2.47, 300.68, 56.15
2.47, 300.68, 56.4
2.47, 300.68, 56.65
2.47, 300.68, 56.9
2.47, 300.68, 57.15
2.47, 300.68, 57.4
2.47, 300.68, 57.65
2.47, 300.68, 57.9
2.47, 300.68, 58.16
2.47, 300.68, 58.41
2.47, 300.68, 58.66
2.47, 300.68, 58.91
2.47, 300.68, 59.16
2.47, 300.68, 59.41
2.47, 300.68, 59.66
2.47, 300.68, 59.91
2.47, 300.68, 60.16
2.47, 300.68, 60.41
2.47, 300.68, 60.66
2.47, 300.68, 60.91
2.47, 300.68, 61.16
2.47, 300.68, 61.41
2.38, 300.77, 61.66
2.47, 300.68, 61.91
2.47, 300.68, 62.16
2.47, 300.68, 62.41
2.47, 300.68, 62.66
2.47, 300.68, 62.91
2.47, 300.68, 63.16
2.47, 300.68, 63.41
2.38, 300.77, 63.66
2.47, 300.68, 63.9
2.47, 300.68, 64.15
2.47, 300.68, 64.4
2.47, 300.68, 64.65
2.47, 300.68, 64.9
2.47, 300.68, 65.15
2.47, 300.68, 65.4
2.47, 300.68, 65.66
2.47, 300.68, 65.91
2.47, 300.68, 66.15
2.38, 300.77, 66.4
2.47, 300.68, 66.65
2.38, 300.77, 66.89
2.47, 300.68, 67.14
2.38, 300.77, 67.38
2.47, 300.68, 67.63
2.47, 300.68, 67.88
2.47, 300.68, 68.13
2.47, 300.68, 68.38
2.47, 300.68, 68.63
2.38, 300.77, 68.88
2.38, 300.77, 69.12
2.38, 300.77, 69.36
2.38, 300.77, 69.61
2.38, 300.77, 69.85
2.47, 300.68, 70.09
2.38, 300.77, 70.34
2.38, 300.77, 70.58
2.38, 300.77, 70.82
2.38, 300.77, 71.06
2.38, 300.77, 71.31
2.38, 300.77, 71.55
2.38, 300.77, 71.79
2.38, 300.77, 72.03
2.38, 300.77, 72.27
2.38, 300.77, 72.51
2.47, 300.68, 72.76
2.38, 300.77, 73.0
2.38, 300.77, 73.24
2.38, 300.77, 73.48
2.38, 300.77, 73.73
2.38, 300.77, 73.97
2.38, 300.77, 74.21
2.38, 300.77, 74.45
2.38, 300.77, 74.69
2.38, 300.77, 74.93
2.38, 300.77, 75.17
2.38, 300.77, 75.41
2.38, 300.77, 75.65
2.38, 300.77, 75.9
2.38, 300.77, 76.14
2.38, 300.77, 76.38
2.38, 300.77, 76.62
2.38, 300.77, 76.87
2.38, 300.77, 77.11
2.38, 300.77, 77.35
2.38, 300.77, 77.59
2.38, 300.77, 77.83
2.38, 300.77, 78.07
2.38, 300.77, 78.31
2.38, 300.77, 78.55
2.38, 300.77, 78.79
2.38, 300.77, 79.04
2.29, 300.86, 79.28
2.38, 300.77, 79.51
2.38, 300.77, 79.75
2.38, 300.77, 79.99
2.38, 300.77, 80.24
2.38, 300.77, 80.48
2.29, 300.86, 80.71
2.38, 300.77, 80.95
2.38, 300.77, 81.19
2.29, 300.86, 81.43
2.29, 300.86, 81.66
2.29, 300.86, 81.9
2.29, 300.86, 82.13
2.29, 300.86, 82.36
2.29, 300.86, 82.59
2.29, 300.86, 82.82
2.29, 300.86, 83.06
2.29, 300.86, 83.29
2.29, 300.86, 83.52
2.29, 300.86, 83.75
2.29, 300.86, 83.99
2.29, 300.86, 84.22
2.29, 300.86, 84.45
2.29, 300.86, 84.68
2.29, 300.86, 84.92
2.29, 300.86, 85.15
2.29, 300.86, 85.38
2.29, 300.86, 85.61
2.29, 300.86, 85.85
2.29, 300.86, 86.08
2.29, 300.86, 86.31
2.29, 300.86, 86.54
2.29, 300.86, 86.77
2.29, 300.86, 87.01
2.29, 300.86, 87.24
2.29, 300.86, 87.47
2.29, 300.86, 87.71
2.29, 300.86, 87.94
2.29, 300.86, 88.17
2.29, 300.86, 88.4
2.2, 300.95, 88.63
2.2, 300.95, 88.85
2.2, 300.95, 89.07
2.2, 300.95, 89.3
2.29, 300.86, 89.53
2.2, 300.95, 89.75
2.29, 300.86, 89.99
2.2, 300.95, 90.21
2.2, 300.95, 90.44
2.2, 300.95, 90.66
2.2, 300.95, 90.88
2.2, 300.95, 91.1
2.2, 300.95, 91.33
2.2, 300.95, 91.55
2.2, 300.95, 91.77
2.2, 300.95, 91.99
2.2, 300.95, 92.22
2.2, 300.95, 92.44
2.2, 300.95, 92.67
2.2, 300.95, 92.89
2.2, 300.95, 93.11
2.2, 300.95, 93.34
2.2, 300.95, 93.56
2.2, 300.95, 93.78
2.2, 300.95, 94.0
2.2, 300.95, 94.23
2.2, 300.95, 94.45
2.2, 300.95, 94.67
2.2, 300.95, 94.9
2.2, 300.95, 95.12
2.2, 300.95, 95.35
2.2, 300.95, 95.57
2.11, 301.04, 95.79
2.11, 301.04, 96.0
2.11, 301.04, 96.22
2.11, 301.04, 96.43
2.11, 301.04, 96.64
2.2, 300.95, 96.86
2.2, 300.95, 97.08
2.11, 301.04, 97.3
2.11, 301.04, 97.52
2.2, 300.95, 97.74
2.11, 301.04, 97.96
2.11, 301.04, 98.17
2.11, 301.04, 98.38
2.11, 301.04, 98.6
2.11, 301.04, 98.81
2.11, 301.04, 99.03
2.11, 301.04, 99.24
2.11, 301.04, 99.46
2.11, 301.04, 99.67
2.11, 301.04, 99.88
2.11, 301.04, 100.1
2.11, 301.04, 100.31
2.11, 301.04, 100.52
2.11, 301.04, 100.74
2.11, 301.04, 100.95
2.11, 301.04, 101.17
2.11, 301.04, 101.38
2.11, 301.04, 101.6
2.11, 301.04, 101.81
2.11, 301.04, 102.03
2.02, 301.13, 102.23
2.02, 301.13, 102.44
2.11, 301.04, 102.65
2.02, 301.13, 102.86
2.02, 301.13, 103.07
2.11, 301.04, 103.28
2.11, 301.04, 103.49
2.02, 301.13, 103.7
2.11, 301.04, 103.91
2.11, 301.04, 104.12
2.02, 301.13, 104.33
2.02, 301.13, 104.54
2.02, 301.13, 104.74
2.02, 301.13, 104.94
2.11, 301.04, 105.16
2.02, 301.13, 105.36
2.02, 301.13, 105.57
2.11, 301.04, 105.78
2.02, 301.13, 105.99
2.02, 301.13, 106.2
2.02, 301.13, 106.4
2.02, 301.13, 106.6
2.02, 301.13, 106.81
2.02, 301.13, 107.02
2.02, 301.13, 107.22
2.02, 301.13, 107.43
2.02, 301.13, 107.63
2.02, 301.13, 107.84
2.02, 301.13, 108.04
2.02, 301.13, 108.24
2.02, 301.13, 108.45
2.02, 301.13, 108.65
1.93, 301.22, 108.85
1.93, 301.22, 109.05
1.93, 301.22, 109.25
1.93, 301.22, 109.44
1.93, 301.22, 109.64
2.02, 301.13, 109.84
1.93, 301.22, 110.04
1.93, 301.22, 110.24
1.93, 301.22, 110.43
1.93, 301.22, 110.63
1.93, 301.22, 110.82
1.93, 301.22, 111.02
1.93, 301.22, 111.22
1.93, 301.22, 111.41
1.93, 301.22, 111.61
1.93, 301.22, 111.8
1.93, 301.22, 112.0
1.93, 301.22, 112.19
1.93, 301.22, 112.39
1.93, 301.22, 112.59
1.84, 301.31, 112.78
1.93, 301.22, 112.97
1.93, 301.22, 113.17
1.93, 301.22, 113.36
1.93, 301.22, 113.56
1.93, 301.22, 113.75
1.93, 301.22, 113.95
1.84, 301.31, 114.14
1.93, 301.22, 114.33
1.84, 301.31, 114.52
1.84, 301.31, 114.71
1.84, 301.31, 114.9
1.84, 301.31, 115.08
1.84, 301.31, 115.27
1.84, 301.31, 115.45
1.84, 301.31, 115.64
1.93, 301.22, 115.83
1.84, 301.31, 116.02
1.84, 301.31, 116.21
1.84, 301.31, 116.4
1.84, 301.31, 116.59
1.84, 301.31, 116.77
1.84, 301.31, 116.96
1.84, 301.31, 117.15
1.84, 301.31, 117.33
1.84, 301.31, 117.52
1.84, 301.31, 117.7
1.84, 301.31, 117.89
1.84, 301.31, 118.08
1.84, 301.31, 118.26
1.75, 301.4, 118.45
1.84, 301.31, 118.63
1.75, 301.4, 118.81
1.84, 301.31, 118.99
1.84, 301.31, 119.18
1.84, 301.31, 119.37
1.75, 301.4, 119.55
1.84, 301.31, 119.73
1.84, 301.31, 119.92
1.75, 301.4, 120.1
1.75, 301.4, 120.28
1.75, 301.4, 120.46
1.75, 301.4, 120.63
1.75, 301.4, 120.81
1.75, 301.4, 120.99
1.75, 301.4, 121.17
1.75, 301.4, 121.34
1.75, 301.4, 121.52
1.75, 301.4, 121.7
1.75, 301.4, 121.88
1.75, 301.4, 122.06
1.75, 301.4, 122.23
1.75, 301.4, 122.41
1.75, 301.4, 122.59
1.75, 301.4, 122.77
1.75, 301.4, 122.94
1.75, 301.4, 123.12
1.75, 301.4, 123.3
1.75, 301.4, 123.47
1.66, 301.49, 123.65
1.66, 301.49, 123.82
1.75, 301.4, 123.99
1.66, 301.49, 124.16
1.75, 301.4, 124.34
1.75, 301.4, 124.51
1.75, 301.4, 124.69
1.66, 301.49, 124.87
1.75, 301.4, 125.04
1.66, 301.49, 125.21
1.66, 301.49, 125.38
1.66, 301.49, 125.55
1.66, 301.49, 125.71
1.66, 301.49, 125.88
1.66, 301.49, 126.05
1.66, 301.49, 126.22
1.66, 301.49, 126.39
1.66, 301.49, 126.55
1.66, 301.49, 126.72
1.66, 301.49, 126.89
1.66, 301.49, 127.06
1.66, 301.49, 127.23
1.66, 301.49, 127.4
1.66, 301.49, 127.57
1.66, 301.49, 127.73
1.66, 301.49, 127.9
1.66, 301.49, 128.07
1.66, 301.49, 128.24
1.57, 301.58, 128.4
1.57, 301.58, 128.56
1.57, 301.58, 128.72
1.57, 301.58, 128.88
1.57, 301.58, 129.04
1.57, 301.58, 129.2
1.57, 301.58, 129.36
1.57, 301.58, 129.52
1.57, 301.58, 129.68
1.57, 301.58, 129.83
1.57, 301.58, 129.99
1.57, 301.58, 130.15
1.57, 301.58, 130.31
1.57, 301.58, 130.47
1.57, 301.58, 130.63
1.57, 301.58, 130.79
1.48, 301.67, 130.94
1.57, 301.58, 131.1
1.57, 301.58, 131.26
1.57, 301.58, 131.42
1.48, 301.67, 131.57
1.48, 301.67, 131.72
1.48, 301.67, 131.87
1.48, 301.67, 132.02
1.48, 301.67, 132.17
1.48, 301.67, 132.32
1.48, 301.67, 132.47
1.48, 301.67, 132.62
1.48, 301.67, 132.77
1.48, 301.67, 132.92
1.48, 301.67, 133.07
1.48, 301.67, 133.22
1.48, 301.67, 133.37
1.48, 301.67, 133.52
1.48, 301.67, 133.67
1.48, 301.67, 133.82
1.48, 301.67, 133.97
1.48, 301.67, 134.12
1.48, 301.67, 134.27
1.39, 301.76, 134.42
1.48, 301.67, 134.56
1.48, 301.67, 134.71
1.48, 301.67, 134.86
1.48, 301.67, 135.01
1.39, 301.76, 135.15
1.48, 301.67, 135.3
1.48, 301.67, 135.45
1.48, 301.67, 135.6
1.48, 301.67, 135.75
1.48, 301.67, 135.9
1.39, 301.76, 136.04
1.39, 301.76, 136.18
1.39, 301.76, 136.33
1.39, 301.76, 136.47
1.39, 301.76, 136.61
1.39, 301.76, 136.75
1.39, 301.76, 136.89
1.39, 301.76, 137.03
1.39, 301.76, 137.17
1.39, 301.76, 137.31
1.39, 301.76, 137.45
1.39, 301.76, 137.59
1.29, 301.86, 137.73
1.39, 301.76, 137.87
1.39, 301.76, 138.01
1.39, 301.76, 138.15
1.39, 301.76, 138.29
1.39, 301.76, 138.43
1.39, 301.76, 138.57
1.39, 301.76, 138.71
1.29, 301.86, 138.84
1.29, 301.86, 138.97
1.29, 301.86, 139.11
1.29, 301.86, 139.24
1.29, 301.86, 139.37
1.29, 301.86, 139.5
1.29, 301.86, 139.63
1.29, 301.86, 139.76
1.29, 301.86, 139.9
1.29, 301.86, 140.03
1.29, 301.86, 140.16
1.29, 301.86, 140.29
1.29, 301.86, 140.42
1.29, 301.86, 140.55
1.29, 301.86, 140.68
1.29, 301.86, 140.81
1.29, 301.86, 140.95
1.29, 301.86, 141.08
1.29, 301.86, 141.21
1.29, 301.86, 141.34
1.29, 301.86, 141.47
1.2, 301.95, 141.6
1.2, 301.95, 141.72
1.29, 301.86, 141.85
1.2, 301.95, 141.98
1.29, 301.86, 142.1
1.2, 301.95, 142.23
1.2, 301.95, 142.35
1.2, 301.95, 142.48
1.2, 301.95, 142.6
1.29, 301.86, 142.72
1.2, 301.95, 142.85
1.2, 301.95, 142.97
1.2, 301.95, 143.1
1.2, 301.95, 143.22
1.2, 301.95, 143.34
1.2, 301.95, 143.46
1.2, 301.95, 143.58
1.2, 301.95, 143.71
1.2, 301.95, 143.83
1.2, 301.95, 143.95
1.2, 301.95, 144.07
1.2, 301.95, 144.2
1.11, 302.04, 144.31
1.2, 301.95, 144.43
1.11, 302.04, 144.55
1.2, 301.95, 144.67
1.2, 301.95, 144.79
1.2, 301.95, 144.91
1.2, 301.95, 145.03
1.2, 301.95, 145.16
1.11, 302.04, 145.27
1.11, 302.04, 145.39
1.11, 302.04, 145.5
1.11, 302.04, 145.61
1.11, 302.04, 145.73
1.11, 302.04, 145.84
1.2, 301.95, 145.96
1.11, 302.04, 146.07
1.11, 302.04, 146.19
1.11, 302.04, 146.3
1.11, 302.04, 146.41
1.11, 302.04, 146.53
1.11, 302.04, 146.64
1.11, 302.04, 146.75
1.11, 302.04, 146.87
1.11, 302.04, 146.98
1.11, 302.04, 147.09
1.11, 302.04, 147.21
1.11, 302.04, 147.32
1.11, 302.04, 147.43
1.11, 302.04, 147.54
1.11, 302.04, 147.66
1.11, 302.04, 147.77
1.11, 302.04, 147.88
1.11, 302.04, 148.0
1.11, 302.04, 148.11
1.11, 302.04, 148.22
1.11, 302.04, 148.34
1.11, 302.04, 148.45
1.02, 302.13, 148.56
1.02, 302.13, 148.66
1.02, 302.13, 148.76
1.02, 302.13, 148.87
1.02, 302.13, 148.97
1.02, 302.13, 149.08
1.11, 302.04, 149.19
1.02, 302.13, 149.29
1.11, 302.04, 149.4
1.02, 302.13, 149.51
1.02, 302.13, 149.61
1.02, 302.13, 149.72
1.02, 302.13, 149.82
1.02, 302.13, 149.92
1.02, 302.13, 150.03
1.02, 302.13, 150.13
1.02, 302.13, 150.24
1.02, 302.13, 150.34
1.02, 302.13, 150.44
1.02, 302.13, 150.55
1.02, 302.13, 150.65
1.02, 302.13, 150.76
1.02, 302.13, 150.86
0.93, 302.22, 150.96
1.02, 302.13, 151.06
1.02, 302.13, 151.16
1.02, 302.13, 151.27
1.02, 302.13, 151.37
1.02, 302.13, 151.47
0.93, 302.22, 151.57
0.93, 302.22, 151.67
0.93, 302.22, 151.76
0.93, 302.22, 151.86
0.93, 302.22, 151.95
0.93, 302.22, 152.04
1.02, 302.13, 152.14
0.93, 302.22, 152.24
0.93, 302.22, 152.34
0.93, 302.22, 152.43
0.93, 302.22, 152.53
0.93, 302.22, 152.62
0.93, 302.22, 152.72
0.93, 302.22, 152.81
0.84, 302.31, 152.9
0.93, 302.22, 152.99
0.93, 302.22, 153.08
0.93, 302.22, 153.18
0.93, 302.22, 153.27
0.93, 302.22, 153.37
0.93, 302.22, 153.46
0.84, 302.31, 153.55
0.84, 302.31, 153.64
0.84, 302.31, 153.72
0.84, 302.31, 153.81
0.84, 302.31, 153.89
0.84, 302.31, 153.98
0.84, 302.31, 154.06
0.84, 302.31, 154.15
0.84, 302.31, 154.23
0.84, 302.31, 154.32
0.84, 302.31, 154.41
0.84, 302.31, 154.49
0.84, 302.31, 154.58
0.84, 302.31, 154.66
0.84, 302.31, 154.75
0.84, 302.31, 154.83
0.84, 302.31, 154.92
0.84, 302.31, 155.0
0.84, 302.31, 155.09
0.84, 302.31, 155.17
0.84, 302.31, 155.26
0.84, 302.31, 155.34
0.84, 302.31, 155.43
0.75, 302.4, 155.51
0.75, 302.4, 155.59
0.75, 302.4, 155.66
0.75, 302.4, 155.74
0.75, 302.4, 155.81
0.75, 302.4, 155.89
0.75, 302.4, 155.97
0.84, 302.31, 156.05
0.75, 302.4, 156.13
0.75, 302.4, 156.2
0.75, 302.4, 156.28
0.75, 302.4, 156.36
0.75, 302.4, 156.43
0.66, 302.49, 156.5
0.75, 302.4, 156.57
0.75, 302.4, 156.65
0.75, 302.4, 156.73
0.75, 302.4, 156.8
0.75, 302.4, 156.88
0.75, 302.4, 156.95
0.75, 302.4, 157.03
0.75, 302.4, 157.11
0.75, 302.4, 157.18
0.75, 302.4, 157.26
0.75, 302.4, 157.33
0.75, 302.4, 157.41
0.75, 302.4, 157.49
0.75, 302.4, 157.56
0.75, 302.4, 157.64
0.66, 302.49, 157.71
0.66, 302.49, 157.78
0.66, 302.49, 157.84
0.66, 302.49, 157.91
0.66, 302.49, 158.04
0.66, 302.49, 158.11
0.75, 302.4, 158.18
0.66, 302.49, 158.25
0.66, 302.49, 158.32
0.66, 302.49, 158.39
0.66, 302.49, 158.45
0.66, 302.49, 158.52
0.66, 302.49, 158.59
0.66, 302.49, 158.65
0.66, 302.49, 158.72
0.66, 302.49, 158.79
0.66, 302.49, 158.85
0.66, 302.49, 158.92
0.66, 302.49, 158.99
0.57, 302.58, 159.05
0.57, 302.58, 159.11
0.57, 302.58, 159.16
0.57, 302.58, 159.22
0.57, 302.58, 159.28
0.57, 302.58, 159.34
0.66, 302.49, 159.4
0.57, 302.58, 159.46
0.57, 302.58, 159.52
0.57, 302.58, 159.58
0.57, 302.58, 159.63
0.57, 302.58, 159.69
0.57, 302.58, 159.75
0.57, 302.58, 159.8
0.57, 302.58, 159.86
0.57, 302.58, 159.92
0.57, 302.58, 159.98
0.57, 302.58, 160.04
0.57, 302.58, 160.09
0.57, 302.58, 160.15
0.57, 302.58, 160.21
0.47, 302.68, 160.26
0.57, 302.58, 160.31
0.57, 302.58, 160.37
0.57, 302.58, 160.43
0.47, 302.68, 160.48
0.57, 302.58, 160.53
0.57, 302.58, 160.59
0.57, 302.58, 160.65
0.47, 302.68, 160.7
0.57, 302.58, 160.75
0.47, 302.68, 160.81
0.47, 302.68, 160.86
0.47, 302.68, 160.9
0.47, 302.68, 160.95
0.47, 302.68, 161.0
0.47, 302.68, 161.05
0.47, 302.68, 161.1
0.47, 302.68, 161.14
0.47, 302.68, 161.19
0.47, 302.68, 161.24
0.47, 302.68, 161.29
0.47, 302.68, 161.34
0.47, 302.68, 161.39
0.47, 302.68, 161.43
0.47, 302.68, 161.48
0.47, 302.68, 161.53
0.47, 302.68, 161.58
0.47, 302.68, 161.63
0.47, 302.68, 161.67
0.47, 302.68, 161.72
0.38, 302.77, 161.77
0.47, 302.68, 161.81
0.47, 302.68, 161.86
0.47, 302.68, 161.9
0.47, 302.68, 161.95
0.47, 302.68, 162.0
0.47, 302.68, 162.05
0.47, 302.68, 162.1
0.38, 302.77, 162.14
0.38, 302.77, 162.18
0.38, 302.77, 162.22
0.38, 302.77, 162.26
0.38, 302.77, 162.3
0.38, 302.77, 162.34
0.47, 302.68, 162.38
0.38, 302.77, 162.42
0.38, 302.77, 162.46
0.38, 302.77, 162.5
0.38, 302.77, 162.54
0.38, 302.77, 162.58
0.38, 302.77, 162.62
0.29, 302.86, 162.65
0.38, 302.77, 162.69
0.38, 302.77, 162.72
0.38, 302.77, 162.76
0.38, 302.77, 162.8
0.38, 302.77, 162.84
0.38, 302.77, 162.88
0.29, 302.86, 162.91
0.29, 302.86, 162.94
0.29, 302.86, 162.97
0.29, 302.86, 163.0
0.29, 302.86, 163.03
0.38, 302.77, 163.07
0.38, 302.77, 163.11
0.29, 302.86, 163.14
0.38, 302.77, 163.17
0.29, 302.86, 163.21
0.29, 302.86, 163.24
0.29, 302.86, 163.27
0.29, 302.86, 163.3
0.29, 302.86, 163.33
0.29, 302.86, 163.35
0.29, 302.86, 163.38
0.29, 302.86, 163.41
0.29, 302.86, 163.44
0.29, 302.86, 163.47
0.29, 302.86, 163.5
0.29, 302.86, 163.53
0.29, 302.86, 163.56
0.2, 302.95, 163.59
0.29, 302.86, 163.61
0.29, 302.86, 163.64
0.29, 302.86, 163.67
0.29, 302.86, 163.7
0.29, 302.86, 163.73
0.29, 302.86, 163.76
0.2, 302.95, 163.78
0.2, 302.95, 163.8
0.29, 302.86, 163.83
0.29, 302.86, 163.86
0.29, 302.86, 163.89
0.29, 302.86, 163.92
0.2, 302.95, 163.94
0.2, 302.95, 163.96
0.29, 302.86, 163.99
0.2, 302.95, 164.01
0.2, 302.95, 164.03
0.2, 302.95, 164.05
0.2, 302.95, 164.07
0.2, 302.95, 164.09
0.2, 302.95, 164.11
0.2, 302.95, 164.13
0.2, 302.95, 164.15
0.2, 302.95, 164.17
0.2, 302.95, 164.19
0.2, 302.95, 164.21
0.2, 302.95, 164.23
0.2, 302.95, 164.25
0.2, 302.95, 164.27
0.11, 303.04, 164.29
0.2, 302.95, 164.31
0.2, 302.95, 164.33
0.2, 302.95, 164.35
0.2, 302.95, 164.37
0.2, 302.95, 164.39
0.11, 303.04, 164.4
0.11, 303.04, 164.41
0.11, 303.04, 164.42
0.11, 303.04, 164.43
0.2, 302.95, 164.45
0.2, 302.95, 164.47
0.11, 303.04, 164.49
0.11, 303.04, 164.5
0.11, 303.04, 164.51
0.11, 303.04, 164.52
0.11, 303.04, 164.53
0.11, 303.04, 164.54
0.11, 303.04, 164.55
0.11, 303.04, 164.56
0.11, 303.04, 164.57
0.11, 303.04, 164.58
0.2, 302.95, 164.6
0.11, 303.04, 164.61
0.11, 303.04, 164.63
0.11, 303.04, 164.64
0.11, 303.04, 164.65
0.11, 303.04, 164.66
0.11, 303.04, 164.67
0.11, 303.04, 164.68
0.11, 303.04, 164.69
0.11, 303.04, 164.7
0.11, 303.04, 164.71
0.11, 303.04, 164.72
0.01, 303.14, 164.73
0.01, 303.14, 164.73
0.01, 303.14, 164.73
0.01, 303.14, 164.73
0.01, 303.14, 164.74
0.11, 303.04, 164.74
0.11, 303.04, 164.75
0.01, 303.14, 164.76
0.01, 303.14, 164.76
0.01, 303.14, 164.76
0.01, 303.14, 164.76
0.01, 303.14, 164.77
0.01, 303.14, 164.77
0.01, 303.14, 164.77
0.01, 303.14, 164.77
0.01, 303.14, 164.77
0.01, 303.14, 164.77
0.01, 303.14, 164.77
0.01, 303.14, 164.78
0.01, 303.14, 164.78
0.01, 303.14, 164.78
0.01, 303.14, 164.78
0.01, 303.14, 164.78
0.01, 303.14, 164.78
0.01, 303.14, 164.78
0.01, 303.14, 164.79
0.01, 303.14, 164.79
0.01, 303.14, 164.79
0.01, 303.14, 164.79
0.01, 303.14, 164.79
-0.08, 303.23, 164.79
0.01, 303.14, 164.79
-0.08, 303.23, 164.78
0.01, 303.14, 164.78
0.01, 303.14, 164.78
0.01, 303.14, 164.78
-0.08, 303.23, 164.78
0.01, 303.14, 164.78
-0.08, 303.23, 164.77
-0.08, 303.23, 164.77
-0.08, 303.23, 164.76
-0.08, 303.23, 164.75
-0.08, 303.23, 164.74
-0.08, 303.23, 164.73
-0.08, 303.23, 164.73
-0.08, 303.23, 164.72
-0.08, 303.23, 164.71
-0.08, 303.23, 164.7
-0.08, 303.23, 164.7
-0.08, 303.23, 164.69
-0.08, 303.23, 164.68
-0.08, 303.23, 164.67
-0.08, 303.23, 164.66
-0.08, 303.23, 164.66
-0.08, 303.23, 164.65
-0.08, 303.23, 164.64
-0.08, 303.23, 164.63
-0.08, 303.23, 164.62
-0.08, 303.23, 164.62
-0.08, 303.23, 164.61
-0.08, 303.23, 164.6
-0.08, 303.23, 164.59
-0.08, 303.23, 164.59
-0.08, 303.23, 164.58
-0.08, 303.23, 164.57
-0.08, 303.23, 164.56
-0.08, 303.23, 164.55
-0.17, 303.32, 164.54
-0.08, 303.23, 164.53
-0.08, 303.23, 164.52
-0.08, 303.23, 164.51
-0.08, 303.23, 164.51
-0.08, 303.23, 164.5
-0.08, 303.23, 164.49
-0.08, 303.23, 164.48
-0.08, 303.23, 164.47
-0.08, 303.23, 164.47
-0.17, 303.32, 164.45
-0.17, 303.32, 164.44
-0.08, 303.23, 164.42
-0.17, 303.32, 164.41
-0.08, 303.23, 164.4
-0.08, 303.23, 164.39
-0.08, 303.23, 164.38
-0.08, 303.23, 164.38
-0.08, 303.23, 164.37
-0.08, 303.23, 164.36
-0.08, 303.23, 164.35
-0.17, 303.32, 164.34
-0.17, 303.32, 164.32
-0.17, 303.32, 164.31
-0.08, 303.23, 164.29
-0.08, 303.23, 164.29
-0.08, 303.23, 164.28
-0.08, 303.23, 164.27
-0.17, 303.32, 164.26
-0.17, 303.32, 164.24
-0.17, 303.32, 164.22
-0.17, 303.32, 164.21
-0.08, 303.23, 164.19
-0.17, 303.32, 164.18
-0.17, 303.32, 164.16
-0.08, 303.23, 164.15
-0.17, 303.32, 164.14
-0.08, 303.23, 164.13
-0.17, 303.32, 164.11
-0.17, 303.32, 164.1
-0.17, 303.32, 164.08
-0.17, 303.32, 164.06
-0.17, 303.32, 164.04
-0.17, 303.32, 164.03
-0.17, 303.32, 164.01
-0.17, 303.32, 163.99
-0.17, 303.32, 163.98
-0.17, 303.32, 163.96
-0.17, 303.32, 163.94
-0.17, 303.32, 163.92
-0.17, 303.32, 163.91
-0.17, 303.32, 163.89
-0.17, 303.32, 163.87
-0.17, 303.32, 163.86
-0.17, 303.32, 163.84
-0.17, 303.32, 163.82
-0.17, 303.32, 163.8
-0.26, 303.41, 163.78
-0.17, 303.32, 163.76
-0.17, 303.32, 163.74
-0.17, 303.32, 163.73
-0.17, 303.32, 163.71
-0.17, 303.32, 163.69
-0.17, 303.32, 163.67
-0.17, 303.32, 163.66
-0.17, 303.32, 163.64
-0.17, 303.32, 163.62
-0.17, 303.32, 163.61
-0.26, 303.41, 163.58
-0.17, 303.32, 163.56
-0.17, 303.32, 163.54
-0.17, 303.32, 163.53
-0.17, 303.32, 163.51
-0.17, 303.32, 163.49
-0.17, 303.32, 163.48
-0.17, 303.32, 163.46
-0.26, 303.41, 163.44
-0.26, 303.41, 163.41
-0.17, 303.32, 163.39
-0.17, 303.32, 163.37
-0.17, 303.32, 163.35
-0.17, 303.32, 163.34
-0.17, 303.32, 163.32
-0.17, 303.32, 163.3
-0.17, 303.32, 163.28
-0.17, 303.32, 163.27
-0.26, 303.41, 163.25
-0.17, 303.32, 163.22
-0.17, 303.32, 163.21
-0.17, 303.32, 163.19
-0.17, 303.32, 163.17
-0.17, 303.32, 163.16
-0.17, 303.32, 163.14
-0.17, 303.32, 163.12
-0.17, 303.32, 163.1
-0.17, 303.32, 163.09
-0.17, 303.32, 163.07
-0.26, 303.41, 163.05
-0.17, 303.32, 163.03
-0.17, 303.32, 163.01
-0.17, 303.32, 162.99
-0.17, 303.32, 162.97
-0.17, 303.32, 162.96
-0.26, 303.41, 162.93
-0.17, 303.32, 162.91
-0.26, 303.41, 162.89
-0.26, 303.41, 162.86
-0.17, 303.32, 162.84
-0.17, 303.32, 162.83
-0.26, 303.41, 162.8
-0.17, 303.32, 162.78
-0.26, 303.41, 162.76
-0.17, 303.32, 162.74
-0.17, 303.32, 162.72
-0.26, 303.41, 162.7
-0.26, 303.41, 162.67
-0.26, 303.41, 162.65
-0.26, 303.41, 162.62
-0.17, 303.32, 162.6
-0.26, 303.41, 162.58
-0.17, 303.32, 162.55
-0.17, 303.32, 162.54
-0.26, 303.41, 162.51
-0.26, 303.41, 162.49
-0.26, 303.41, 162.46
-0.26, 303.41, 162.43
-0.26, 303.41, 162.41
-0.26, 303.41, 162.38
-0.26, 303.41, 162.35
-0.26, 303.41, 162.33
-0.26, 303.41, 162.3
-0.26, 303.41, 162.28
-0.26, 303.41, 162.25
-0.26, 303.41, 162.22
-0.26, 303.41, 162.2
-0.26, 303.41, 162.17
-0.26, 303.41, 162.14
-0.26, 303.41, 162.12
-0.26, 303.41, 162.09
-0.26, 303.41, 162.06
-0.26, 303.41, 162.04
-0.26, 303.41, 162.01
-0.26, 303.41, 161.98
-0.26, 303.41, 161.96
-0.26, 303.41, 161.93
-0.26, 303.41, 161.9
-0.26, 303.41, 161.88
-0.26, 303.41, 161.85
-0.26, 303.41, 161.82
-0.26, 303.41, 161.8
-0.26, 303.41, 161.77
-0.26, 303.41, 161.74
-0.26, 303.41, 161.72
-0.26, 303.41, 161.69
-0.26, 303.41, 161.66
-0.26, 303.41, 161.64
-0.26, 303.41, 161.61
-0.26, 303.41, 161.58
-0.26, 303.41, 161.56
-0.26, 303.41, 161.53
-0.35, 303.5, 161.5
-0.26, 303.41, 161.47
-0.26, 303.41, 161.44
-0.26, 303.41, 161.42
-0.35, 303.5, 161.38
-0.26, 303.41, 161.35
-0.26, 303.41, 161.33
-0.26, 303.41, 161.3
-0.26, 303.41, 161.27
-0.26, 303.41, 161.25
-0.26, 303.41, 161.22
-0.26, 303.41, 161.19
-0.26, 303.41, 161.17
-0.26, 303.41, 161.14
-0.26, 303.41, 161.11
-0.26, 303.41, 161.09
-0.26, 303.41, 161.06
-0.26, 303.41, 161.03
-0.26, 303.41, 161.01
-0.26, 303.41, 160.98
-0.35, 303.5, 160.95
-0.26, 303.41, 160.92
-0.35, 303.5, 160.89
-0.35, 303.5, 160.85
-0.35, 303.5, 160.82
-0.26, 303.41, 160.78
-0.26, 303.41, 160.76
-0.26, 303.41, 160.73
-0.35, 303.5, 160.7
-0.35, 303.5, 160.66
-0.35, 303.5, 160.63
-0.35, 303.5, 160.59
-0.35, 303.5, 160.56
-0.35, 303.5, 160.52
-0.35, 303.5, 160.48
-0.26, 303.41, 160.45
-0.26, 303.41, 160.43
-0.26, 303.41, 160.4
-0.26, 303.41, 160.37
-0.35, 303.5, 160.34
-0.35, 303.5, 160.31
-0.35, 303.5, 160.27
-0.35, 303.5, 160.23
-0.26, 303.41, 160.2
-0.26, 303.41, 160.18
-0.35, 303.5, 160.14
-0.26, 303.41, 160.11
-0.35, 303.5, 160.08
-0.35, 303.5, 160.05
-0.35, 303.5, 160.01
-0.35, 303.5, 159.97
-0.35, 303.5, 159.94
-0.35, 303.5, 159.9
-0.35, 303.5, 159.87
-0.26, 303.41, 159.83
-0.26, 303.41, 159.81
-0.35, 303.5, 159.78
-0.35, 303.5, 159.74
-0.35, 303.5, 159.7
-0.35, 303.5, 159.67
-0.35, 303.5, 159.63
-0.26, 303.41, 159.6
-0.26, 303.41, 159.57
-0.26, 303.41, 159.55
-0.26, 303.41, 159.52
-0.26, 303.41, 159.5
-0.26, 303.41, 159.47
-0.35, 303.5, 159.44
-0.35, 303.5, 159.4
-0.35, 303.5, 159.37
-0.35, 303.5, 159.33
-0.35, 303.5, 159.29
-0.35, 303.5, 159.26
-0.26, 303.41, 159.23
-0.26, 303.41, 159.2
-0.35, 303.5, 159.17
-0.35, 303.5, 159.13
-0.35, 303.5, 159.1
-0.35, 303.5, 159.06
-0.35, 303.5, 159.03
-0.35, 303.5, 158.99
-0.35, 303.5, 158.95
-0.35, 303.5, 158.92
-0.35, 303.5, 158.88
-0.35, 303.5, 158.85
-0.35, 303.5, 158.81
-0.35, 303.5, 158.77
-0.35, 303.5, 158.74
-0.35, 303.5, 158.7
-0.35, 303.5, 158.67
-0.35, 303.5, 158.63
-0.35, 303.5, 158.59
-0.35, 303.5, 158.56
-0.35, 303.5, 158.52
-0.35, 303.5, 158.49
-0.35, 303.5, 158.45
-0.35, 303.5, 158.41
-0.35, 303.5, 158.38
-0.35, 303.5, 158.34
-0.35, 303.5, 158.31
-0.35, 303.5, 158.27
-0.35, 303.5, 158.23
-0.35, 303.5, 158.2
-0.35, 303.5, 158.16
-0.35, 303.5, 158.13
-0.35, 303.5, 158.09
-0.35, 303.5, 158.05
-0.35, 303.5, 158.02
-0.45, 303.6, 157.98
-0.35, 303.5, 157.94
-0.35, 303.5, 157.9
-0.35, 303.5, 157.86
-0.35, 303.5, 157.83
-0.35, 303.5, 157.79
-0.35, 303.5, 157.76
-0.35, 303.5, 157.72
-0.35, 303.5, 157.68
-0.35, 303.5, 157.65
-0.35, 303.5, 157.61
-0.35, 303.5, 157.58
-0.35, 303.5, 157.54
-0.35, 303.5, 157.5
-0.35, 303.5, 157.47
-0.35, 303.5, 157.43
-0.35, 303.5, 157.4
-0.35, 303.5, 157.36
-0.35, 303.5, 157.33
-0.35, 303.5, 157.29
-0.45, 303.6, 157.25
-0.35, 303.5, 157.21
-0.35, 303.5, 157.17
-0.35, 303.5, 157.14
-0.35, 303.5, 157.1
-0.35, 303.5, 157.06
-0.35, 303.5, 157.03
-0.35, 303.5, 156.99
-0.35, 303.5, 156.96
-0.45, 303.6, 156.92
-0.45, 303.6, 156.87
-0.35, 303.5, 156.83
-0.35, 303.5, 156.79
-0.45, 303.6, 156.75
-0.35, 303.5, 156.71
-0.35, 303.5, 156.68
-0.35, 303.5, 156.64
-0.45, 303.6, 156.6
-0.45, 303.6, 156.55
-0.45, 303.6, 156.51
-0.35, 303.5, 156.47
-0.35, 303.5, 156.43
-0.35, 303.5, 156.4
-0.35, 303.5, 156.36
-0.35, 303.5, 156.32
-0.35, 303.5, 156.29
-0.45, 303.6, 156.25
-0.45, 303.6, 156.2
-0.45, 303.6, 156.16
-0.45, 303.6, 156.11
-0.45, 303.6, 156.07
-0.35, 303.5, 156.03
-0.35, 303.5, 155.99
-0.35, 303.5, 155.95
-0.45, 303.6, 155.91
-0.45, 303.6, 155.87
-0.45, 303.6, 155.82
-0.45, 303.6, 155.78
-0.45, 303.6, 155.73
-0.45, 303.6, 155.69
-0.45, 303.6, 155.64
-0.45, 303.6, 155.6
-0.35, 303.5, 155.56
-0.45, 303.6, 155.51
-0.35, 303.5, 155.47
-0.45, 303.6, 155.43
-0.35, 303.5, 155.39
-0.45, 303.6, 155.35
-0.45, 303.6, 155.31
-0.45, 303.6, 155.26
-0.35, 303.5, 155.22
-0.45, 303.6, 155.18
-0.35, 303.5, 155.14
-0.45, 303.6, 155.1
-0.45, 303.6, 155.05
-0.45, 303.6, 155.01
-0.45, 303.6, 154.96
-0.45, 303.6, 154.92
-0.45, 303.6, 154.87
-0.35, 303.5, 154.83
-0.45, 303.6, 154.79
-0.35, 303.5, 154.75
-0.35, 303.5, 154.71
-0.45, 303.6, 154.67
-0.45, 303.6, 154.63
-0.45, 303.6, 154.58
-0.45, 303.6, 154.54
-0.45, 303.6, 154.49
-0.45, 303.6, 154.45
-0.45, 303.6, 154.4
-0.45, 303.6, 154.36
-0.45, 303.6, 154.31
-0.45, 303.6, 154.27
-0.45, 303.6, 154.22
-0.45, 303.6, 154.17
-0.45, 303.6, 154.13
-0.45, 303.6, 154.08
-0.35, 303.5, 154.04
-0.35, 303.5, 154.01
-0.35, 303.5, 153.97
-0.35, 303.5, 153.94
-0.45, 303.6, 153.9
-0.35, 303.5, 153.85
-0.35, 303.5, 153.82
-0.45, 303.6, 153.78
-0.45, 303.6, 153.73
-0.45, 303.6, 153.69
-0.45, 303.6, 153.64
-0.35, 303.5, 153.6
-0.35, 303.5, 153.56
-0.35, 303.5, 153.53
-0.35, 303.5, 153.49
-0.45, 303.6, 153.45
-0.45, 303.6, 153.41
-0.45, 303.6, 153.36
-0.35, 303.5, 153.32
-0.45, 303.6, 153.28
-0.35, 303.5, 153.24
-0.35, 303.5, 153.2
-0.35, 303.5, 153.17
-0.35, 303.5, 153.13
-0.35, 303.5, 153.1
-0.35, 303.5, 153.06
-0.35, 303.5, 153.02
-0.35, 303.5, 152.99
-0.45, 303.6, 152.95
-0.35, 303.5, 152.91
-0.35, 303.5, 152.87
-0.35, 303.5, 152.83
-0.35, 303.5, 152.8
-0.35, 303.5, 152.76
-0.35, 303.5, 152.73
-0.35, 303.5, 152.69
-0.45, 303.6, 152.65
-0.35, 303.5, 152.61
-0.35, 303.5, 152.57
-0.35, 303.5, 152.54
-0.35, 303.5, 152.5
-0.35, 303.5, 152.47
-0.35, 303.5, 152.43
-0.35, 303.5, 152.39
-0.35, 303.5, 152.36
-0.35, 303.5, 152.32
-0.35, 303.5, 152.29
-0.45, 303.6, 152.24
-0.35, 303.5, 152.2
-0.35, 303.5, 152.17
-0.35, 303.5, 152.13
-0.35, 303.5, 152.1
-0.35, 303.5, 152.06
-0.45, 303.6, 152.02
-0.35, 303.5, 151.98
-0.45, 303.6, 151.94
-0.45, 303.6, 151.89
-0.35, 303.5, 151.85
-0.35, 303.5, 151.82
-0.35, 303.5, 151.78
-0.35, 303.5, 151.74
-0.35, 303.5, 151.71
-0.35, 303.5, 151.67
-0.35, 303.5, 151.64
-0.35, 303.5, 151.6
-0.45, 303.6, 151.56
-0.35, 303.5, 151.52
-0.35, 303.5, 151.48
-0.35, 303.5, 151.45
-0.35, 303.5, 151.41
-0.35, 303.5, 151.38
-0.35, 303.5, 151.34
-0.35, 303.5, 151.3
-0.35, 303.5, 151.27
-0.35, 303.5, 151.23
-0.35, 303.5, 151.2
-0.35, 303.5, 151.16
-0.35, 303.5, 151.12
-0.35, 303.5, 151.09
-0.35, 303.5, 151.05
-0.35, 303.5, 151.02
-0.35, 303.5, 150.98
-0.35, 303.5, 150.94
-0.35, 303.5, 150.91
-0.35, 303.5, 150.87
-0.35, 303.5, 150.84
-0.35, 303.5, 150.8
-0.35, 303.5, 150.76
-0.35, 303.5, 150.73
-0.35, 303.5, 150.69
-0.35, 303.5, 150.66
-0.35, 303.5, 150.62
-0.35, 303.5, 150.58
-0.35, 303.5, 150.55
-0.35, 303.5, 150.51
-0.35, 303.5, 150.48
-0.35, 303.5, 150.44
-0.35, 303.5, 150.41
-0.35, 303.5, 150.37
-0.35, 303.5, 150.33
-0.35, 303.5, 150.3
-0.35, 303.5, 150.26
-0.35, 303.5, 150.23
-0.35, 303.5, 150.19
-0.35, 303.5, 150.15
-0.35, 303.5, 150.12
-0.35, 303.5, 150.08
-0.35, 303.5, 150.05
-0.35, 303.5, 150.01
-0.26, 303.41, 149.98
-0.35, 303.5, 149.95
-0.35, 303.5, 149.91
-0.35, 303.5, 149.87
-0.35, 303.5, 149.84
-0.35, 303.5, 149.8
-0.35, 303.5, 149.77
-0.35, 303.5, 149.73
-0.35, 303.5, 149.69
-0.26, 303.41, 149.66
-0.35, 303.5, 149.63
-0.35, 303.5, 149.6
-0.35, 303.5, 149.56
-0.35, 303.5, 149.52
-0.35, 303.5, 149.49
-0.35, 303.5, 149.45
-0.35, 303.5, 149.42
-0.26, 303.41, 149.39
-0.26, 303.41, 149.36
-0.35, 303.5, 149.33
-0.35, 303.5, 149.29
-0.26, 303.41, 149.26
-0.35, 303.5, 149.23
-0.35, 303.5, 149.19
-0.35, 303.5, 149.16
-0.35, 303.5, 149.12
-0.35, 303.5, 149.09
-0.26, 303.41, 149.05
-0.35, 303.5, 149.02
-0.35, 303.5, 148.99
-0.26, 303.41, 148.96
-0.35, 303.5, 148.92
-0.35, 303.5, 148.89
-0.35, 303.5, 148.85
-0.26, 303.41, 148.82
-0.35, 303.5, 148.79
-0.26, 303.41, 148.76
-0.26, 303.41, 148.73
-0.26, 303.41, 148.71
-0.26, 303.41, 148.68
-0.26, 303.41, 148.65
-0.35, 303.5, 148.62
-0.35, 303.5, 148.59
-0.35, 303.5, 148.55
-0.35, 303.5, 148.51
-0.26, 303.41, 148.48
-0.26, 303.41, 148.45
-0.26, 303.41, 148.43
-0.26, 303.41, 148.4
-0.26, 303.41, 148.38
-0.35, 303.5, 148.34
-0.35, 303.5, 148.31
-0.35, 303.5, 148.27
-0.35, 303.5, 148.24
-0.35, 303.5, 148.2
-0.35, 303.5, 148.16
-0.35, 303.5, 148.13
-0.26, 303.41, 148.1
-0.26, 303.41, 148.07
-0.26, 303.41, 148.04
-0.26, 303.41, 148.02
-0.35, 303.5, 147.99
-0.35, 303.5, 147.95
-0.35, 303.5, 147.91
-0.35, 303.5, 147.88
-0.35, 303.5, 147.84
-0.26, 303.41, 147.81
-0.26, 303.41, 147.78
-0.26, 303.41, 147.76
-0.35, 303.5, 147.73
-0.35, 303.5, 147.69
-0.35, 303.5, 147.65
-0.35, 303.5, 147.62
-0.35, 303.5, 147.58
-0.26, 303.41, 147.55
-0.35, 303.5, 147.52
-0.35, 303.5, 147.48
-0.35, 303.5, 147.45
-0.35, 303.5, 147.41
-0.45, 303.6, 147.37
-0.35, 303.5, 147.33
-0.35, 303.5, 147.29
-0.35, 303.5, 147.26
-0.35, 303.5, 147.22
-0.35, 303.5, 147.19
-0.35, 303.5, 147.15
-0.35, 303.5, 147.12
-0.35, 303.5, 147.08
-0.35, 303.5, 147.04
-0.35, 303.5, 147.01
-0.35, 303.5, 146.97
-0.35, 303.5, 146.94
-0.35, 303.5, 146.9
-0.35, 303.5, 146.86
-0.35, 303.5, 146.83
-0.26, 303.41, 146.8
-0.35, 303.5, 146.77
-0.35, 303.5, 146.73
-0.35, 303.5, 146.69
-0.35, 303.5, 146.66
-0.35, 303.5, 146.62
-0.35, 303.5, 146.58
-0.35, 303.5, 146.55
-0.35, 303.5, 146.51
-0.35, 303.5, 146.48
-0.35, 303.5, 146.44
-0.35, 303.5, 146.41
-0.35, 303.5, 146.37
-0.35, 303.5, 146.33
-0.35, 303.5, 146.3
-0.35, 303.5, 146.26
-0.35, 303.5, 146.23
-0.35, 303.5, 146.19
-0.35, 303.5, 146.15
-0.35, 303.5, 146.12
-0.26, 303.41, 146.09
-0.35, 303.5, 146.05
-0.35, 303.5, 146.02
-0.35, 303.5, 145.98
-0.35, 303.5, 145.95
-0.35, 303.5, 145.91
-0.35, 303.5, 145.88
-0.35, 303.5, 145.84
-0.35, 303.5, 145.8
-0.35, 303.5, 145.77
-0.26, 303.41, 145.74
-0.26, 303.41, 145.71
-0.26, 303.41, 145.68
-0.35, 303.5, 145.65
-0.35, 303.5, 145.62
-0.35, 303.5, 145.58
-0.35, 303.5, 145.54
-0.26, 303.41, 145.51
-0.26, 303.41, 145.49
-0.35, 303.5, 145.45
-0.35, 303.5, 145.42
-0.35, 303.5, 145.38
-0.26, 303.41, 145.35
-0.35, 303.5, 145.32
-0.35, 303.5, 145.28
-0.35, 303.5, 145.25
-0.35, 303.5, 145.21
-0.26, 303.41, 145.18
-0.26, 303.41, 145.15
-0.26, 303.41, 145.13
-0.26, 303.41, 145.1
-0.26, 303.41, 145.07
-0.26, 303.41, 145.05
-0.26, 303.41, 145.02
-0.26, 303.41, 144.99
-0.26, 303.41, 144.97
-0.26, 303.41, 144.94
-0.35, 303.5, 144.91
-0.26, 303.41, 144.88
-0.26, 303.41, 144.85
-0.26, 303.41, 144.83
-0.26, 303.41, 144.8
-0.26, 303.41, 144.77
-0.26, 303.41, 144.75
-0.26, 303.41, 144.72
-0.26, 303.41, 144.69
-0.26, 303.41, 144.67
-0.26, 303.41, 144.64
-0.26, 303.41, 144.61
-0.26, 303.41, 144.59
-0.26, 303.41, 144.56
-0.26, 303.41, 144.53
-0.26, 303.41, 144.51
-0.26, 303.41, 144.48
-0.26, 303.41, 144.45
-0.26, 303.41, 144.43
-0.26, 303.41, 144.4
-0.26, 303.41, 144.37
-0.26, 303.41, 144.35
-0.26, 303.41, 144.32
-0.26, 303.41, 144.29
-0.26, 303.41, 144.27
-0.26, 303.41, 144.24
-0.26, 303.41, 144.22
-0.26, 303.41, 144.19
-0.26, 303.41, 144.16
-0.26, 303.41, 144.14
-0.26, 303.41, 144.11
-0.26, 303.41, 144.08
-0.26, 303.41, 144.06
-0.26, 303.41, 144.03
-0.26, 303.41, 144.0
-0.26, 303.41, 143.98
-0.26, 303.41, 143.95
-0.26, 303.41, 143.92
-0.26, 303.41, 143.9
-0.17, 303.32, 143.87
-0.26, 303.41, 143.85
-0.26, 303.41, 143.83
-0.26, 303.41, 143.8
-0.26, 303.41, 143.77
-0.26, 303.41, 143.75
-0.26, 303.41, 143.72
-0.26, 303.41, 143.69
-0.26, 303.41, 143.67
-0.26, 303.41, 143.64
-0.17, 303.32, 143.62
-0.17, 303.32, 143.6
-0.17, 303.32, 143.58
-0.26, 303.41, 143.56
-0.26, 303.41, 143.54
-0.26, 303.41, 143.51
-0.26, 303.41, 143.48
-0.26, 303.41, 143.46
-0.26, 303.41, 143.43
-0.17, 303.32, 143.41
-0.17, 303.32, 143.39
-0.17, 303.32, 143.37
-0.26, 303.41, 143.35
-0.26, 303.41, 143.32
-0.26, 303.41, 143.3
-0.26, 303.41, 143.27
-0.26, 303.41, 143.24
-0.26, 303.41, 143.22
-0.26, 303.41, 143.19
-0.26, 303.41, 143.16
-0.26, 303.41, 143.14
-0.26, 303.41, 143.11
-0.17, 303.32, 143.09
-0.26, 303.41, 143.07
-0.26, 303.41, 143.04
-0.26, 303.41, 143.01
-0.26, 303.41, 142.99
-0.26, 303.41, 142.96
-0.26, 303.41, 142.94
-0.26, 303.41, 142.91
-0.17, 303.32, 142.89
-0.17, 303.32, 142.87
-0.17, 303.32, 142.85
-0.17, 303.32, 142.84
-0.26, 303.41, 142.81
-0.26, 303.41, 142.79
-0.26, 303.41, 142.76
-0.26, 303.41, 142.73
-0.26, 303.41, 142.71
-0.17, 303.32, 142.69
-0.17, 303.32, 142.67
-0.17, 303.32, 142.65
-0.17, 303.32, 142.63
-0.17, 303.32, 142.62
-0.26, 303.41, 142.59
-0.26, 303.41, 142.57
-0.26, 303.41, 142.54
-0.26, 303.41, 142.51
-0.17, 303.32, 142.49
-0.17, 303.32, 142.48
-0.17, 303.32, 142.46
-0.17, 303.32, 142.44
-0.26, 303.41, 142.42
-0.26, 303.41, 142.39
-0.26, 303.41, 142.37
-0.26, 303.41, 142.34
-0.26, 303.41, 142.31
-0.26, 303.41, 142.29
-0.17, 303.32, 142.26
-0.17, 303.32, 142.25
-0.17, 303.32, 142.23
-0.17, 303.32, 142.21
-0.26, 303.41, 142.19
-0.17, 303.32, 142.17
-0.26, 303.41, 142.15
-0.26, 303.41, 142.12
-0.17, 303.32, 142.1
-0.17, 303.32, 142.08
-0.17, 303.32, 142.06
-0.17, 303.32, 142.05
-0.17, 303.32, 142.03
-0.17, 303.32, 142.01
-0.17, 303.32, 142.0
-0.26, 303.41, 141.97
-0.26, 303.41, 141.95
-0.17, 303.32, 141.93
-0.26, 303.41, 141.9
-0.17, 303.32, 141.88
-0.17, 303.32, 141.86
-0.17, 303.32, 141.85
-0.17, 303.32, 141.83
-0.26, 303.41, 141.81
-0.17, 303.32, 141.79
-0.26, 303.41, 141.76
-0.26, 303.41, 141.74
-0.17, 303.32, 141.72
-0.17, 303.32, 141.7
-0.17, 303.32, 141.68
-0.17, 303.32, 141.66
-0.17, 303.32, 141.65
-0.17, 303.32, 141.63
-0.17, 303.32, 141.61
-0.17, 303.32, 141.6
-0.26, 303.41, 141.57
-0.17, 303.32, 141.55
-0.26, 303.41, 141.53
-0.17, 303.32, 141.51
-0.17, 303.32, 141.49
-0.17, 303.32, 141.47
-0.17, 303.32, 141.46
-0.17, 303.32, 141.44
-0.17, 303.32, 141.42
-0.17, 303.32, 141.4
-0.17, 303.32, 141.39
-0.17, 303.32, 141.37
-0.17, 303.32, 141.35
-0.26, 303.41, 141.33
-0.17, 303.32, 141.31
-0.17, 303.32, 141.29
-0.17, 303.32, 141.27
-0.17, 303.32, 141.26
-0.17, 303.32, 141.24
-0.17, 303.32, 141.22
-0.17, 303.32, 141.21
-0.17, 303.32, 141.19
-0.17, 303.32, 141.17
-0.17, 303.32, 141.15
-0.17, 303.32, 141.14
-0.17, 303.32, 141.12
-0.17, 303.32, 141.1
-0.17, 303.32, 141.09
-0.17, 303.32, 141.07
-0.17, 303.32, 141.05
-0.17, 303.32, 141.03
-0.17, 303.32, 141.02
-0.17, 303.32, 141.0
-0.17, 303.32, 140.98
-0.17, 303.32, 140.97
-0.17, 303.32, 140.95
-0.17, 303.32, 140.93
-0.17, 303.32, 140.91
-0.17, 303.32, 140.9
-0.17, 303.32, 140.88
-0.17, 303.32, 140.86
-0.17, 303.32, 140.84
-0.17, 303.32, 140.83
-0.17, 303.32, 140.81
-0.08, 303.23, 140.8
-0.08, 303.23, 140.79
-0.17, 303.32, 140.78
-0.17, 303.32, 140.76
-0.17, 303.32, 140.74
-0.17, 303.32, 140.73
-0.08, 303.23, 140.71
-0.08, 303.23, 140.71
-0.08, 303.23, 140.7
-0.08, 303.23, 140.69
-0.08, 303.23, 140.68
-0.17, 303.32, 140.67
-0.08, 303.23, 140.66
-0.08, 303.23, 140.65
-0.17, 303.32, 140.64
-0.08, 303.23, 140.62
-0.08, 303.23, 140.62
-0.08, 303.23, 140.61
-0.08, 303.23, 140.6
-0.08, 303.23, 140.59
-0.08, 303.23, 140.58
-0.08, 303.23, 140.58
-0.08, 303.23, 140.57
-0.08, 303.23, 140.56
-0.08, 303.23, 140.55
-0.08, 303.23, 140.55
-0.08, 303.23, 140.54
-0.08, 303.23, 140.53
-0.08, 303.23, 140.52
-0.08, 303.23, 140.51
-0.08, 303.23, 140.51
-0.08, 303.23, 140.5
-0.08, 303.23, 140.49
-0.08, 303.23, 140.48
-0.08, 303.23, 140.48
-0.08, 303.23, 140.47
-0.08, 303.23, 140.46
-0.08, 303.23, 140.45
0.01, 303.14, 140.45
-0.08, 303.23, 140.45
0.01, 303.14, 140.44
-0.08, 303.23, 140.44
-0.08, 303.23, 140.43
-0.08, 303.23, 140.42
-0.08, 303.23, 140.42
-0.08, 303.23, 140.41
0.01, 303.14, 140.4
-0.08, 303.23, 140.4
0.01, 303.14, 140.4
-0.08, 303.23, 140.4
0.01, 303.14, 140.39
0.01, 303.14, 140.39
-0.08, 303.23, 140.39
-0.08, 303.23, 140.38
0.01, 303.14, 140.38
0.01, 303.14, 140.38
0.01, 303.14, 140.38
0.01, 303.14, 140.38
0.01, 303.14, 140.39
0.01, 303.14, 140.39
0.01, 303.14, 140.39
-0.08, 303.23, 140.39
-0.08, 303.23, 140.38
-0.08, 303.23, 140.37
-0.08, 303.23, 140.36
0.01, 303.14, 140.36
0.01, 303.14, 140.36
0.01, 303.14, 140.36
0.01, 303.14, 140.36
0.01, 303.14, 140.36
0.01, 303.14, 140.37
0.01, 303.14, 140.37
0.01, 303.14, 140.37
0.01, 303.14, 140.37
-0.08, 303.23, 140.37
0.01, 303.14, 140.36
0.01, 303.14, 140.37
0.01, 303.14, 140.37
0.01, 303.14, 140.37
0.01, 303.14, 140.37
0.01, 303.14, 140.37
0.01, 303.14, 140.37
-0.08, 303.23, 140.37
0.01, 303.14, 140.37
0.01, 303.14, 140.37
0.01, 303.14, 140.37
0.01, 303.14, 140.37
0.01, 303.14, 140.37
0.01, 303.14, 140.37
0.01, 303.14, 140.38
0.01, 303.14, 140.38
0.01, 303.14, 140.38
0.01, 303.14, 140.38
0.01, 303.14, 140.38
0.01, 303.14, 140.38
0.01, 303.14, 140.39
0.01, 303.14, 140.39
0.01, 303.14, 140.39
0.01, 303.14, 140.39
0.01, 303.14, 140.39
0.01, 303.14, 140.39
0.01, 303.14, 140.39
0.01, 303.14, 140.4
0.01, 303.14, 140.4
0.01, 303.14, 140.4
0.01, 303.14, 140.4
0.01, 303.14, 140.4
0.01, 303.14, 140.41
0.01, 303.14, 140.41
0.01, 303.14, 140.41
0.01, 303.14, 140.41
0.01, 303.14, 140.41
0.11, 303.04, 140.42
0.01, 303.14, 140.42
0.01, 303.14, 140.43
0.11, 303.04, 140.43
0.01, 303.14, 140.44
0.01, 303.14, 140.44
0.01, 303.14, 140.44
0.01, 303.14, 140.44
0.01, 303.14, 140.44
0.01, 303.14, 140.45
0.01, 303.14, 140.45
0.11, 303.04, 140.45
0.01, 303.14, 140.46
0.01, 303.14, 140.46
0.01, 303.14, 140.46
0.01, 303.14, 140.46
0.01, 303.14, 140.47
0.01, 303.14, 140.47
0.01, 303.14, 140.47
0.11, 303.04, 140.47
0.11, 303.04, 140.49
0.11, 303.04, 140.5
0.11, 303.04, 140.51
0.11, 303.04, 140.52
0.11, 303.04, 140.53
0.01, 303.14, 140.53
0.01, 303.14, 140.54
0.01, 303.14, 140.54
0.11, 303.04, 140.54
0.11, 303.04, 140.56
0.11, 303.04, 140.57
0.11, 303.04, 140.58
0.11, 303.04, 140.59
0.11, 303.04, 140.6
0.11, 303.04, 140.61
0.11, 303.04, 140.62
0.11, 303.04, 140.63
0.11, 303.04, 140.64
0.11, 303.04, 140.65
0.11, 303.04, 140.66
0.11, 303.04, 140.67
0.11, 303.04, 140.69
0.11, 303.04, 140.7
0.11, 303.04, 140.71
0.11, 303.04, 140.72
0.11, 303.04, 140.73
0.11, 303.04, 140.74
0.11, 303.04, 140.75
0.11, 303.04, 140.76
0.11, 303.04, 140.77
0.11, 303.04, 140.78
0.11, 303.04, 140.79
0.11, 303.04, 140.8
0.11, 303.04, 140.82
0.01, 303.14, 140.82
0.11, 303.04, 140.83
0.11, 303.04, 140.84
0.11, 303.04, 140.85
0.11, 303.04, 140.86
0.11, 303.04, 140.87
0.11, 303.04, 140.88
0.11, 303.04, 140.89
0.11, 303.04, 140.9
0.11, 303.04, 140.92
0.11, 303.04, 140.93
0.11, 303.04, 140.94
0.11, 303.04, 140.95
0.11, 303.04, 140.96
0.11, 303.04, 140.97
0.11, 303.04, 140.98
0.11, 303.04, 140.99
0.11, 303.04, 141.0
0.11, 303.04, 141.01
0.11, 303.04, 141.02
0.01, 303.14, 141.03
0.11, 303.04, 141.04
0.11, 303.04, 141.05
0.11, 303.04, 141.06
0.11, 303.04, 141.07
0.11, 303.04, 141.08
0.11, 303.04, 141.09
0.11, 303.04, 141.1
0.11, 303.04, 141.11
0.11, 303.04, 141.12
0.11, 303.04, 141.13
0.11, 303.04, 141.14
0.11, 303.04, 141.16
0.11, 303.04, 141.17
0.11, 303.04, 141.18
0.2, 302.95, 141.19
0.11, 303.04, 141.21
0.11, 303.04, 141.22
0.11, 303.04, 141.23
0.11, 303.04, 141.24
0.11, 303.04, 141.25
0.11, 303.04, 141.26
0.11, 303.04, 141.27
0.11, 303.04, 141.28
0.2, 302.95, 141.3
0.11, 303.04, 141.32
0.11, 303.04, 141.33
0.11, 303.04, 141.34
0.11, 303.04, 141.35
0.11, 303.04, 141.36
0.11, 303.04, 141.37
0.2, 302.95, 141.39
0.2, 302.95, 141.41
0.2, 302.95, 141.43
0.2, 302.95, 141.45
0.11, 303.04, 141.46
0.2, 302.95, 141.48
0.11, 303.04, 141.49
0.11, 303.04, 141.5
0.11, 303.04, 141.51
0.11, 303.04, 141.53
0.11, 303.04, 141.54
0.2, 302.95, 141.55
0.2, 302.95, 141.57
0.2, 302.95, 141.59
0.11, 303.04, 141.61
0.2, 302.95, 141.62
0.2, 302.95, 141.64
0.11, 303.04, 141.66
0.11, 303.04, 141.67
0.11, 303.04, 141.68
0.2, 302.95, 141.7
0.2, 302.95, 141.72
0.2, 302.95, 141.74
0.2, 302.95, 141.76
0.2, 302.95, 141.78
0.2, 302.95, 141.8
0.11, 303.04, 141.81
0.2, 302.95, 141.83
0.11, 303.04, 141.84
0.11, 303.04, 141.86
0.2, 302.95, 141.87
0.2, 302.95, 141.89
0.2, 302.95, 141.91
0.2, 302.95, 141.93
0.2, 302.95, 141.95
0.2, 302.95, 141.97
0.11, 303.04, 141.99
0.2, 302.95, 142.0
0.11, 303.04, 142.02
0.2, 302.95, 142.03
0.2, 302.95, 142.05
0.2, 302.95, 142.07
0.2, 302.95, 142.09
0.2, 302.95, 142.11
0.2, 302.95, 142.13
0.2, 302.95, 142.16
0.2, 302.95, 142.18
0.2, 302.95, 142.2
0.11, 303.04, 142.21
0.2, 302.95, 142.23
0.2, 302.95, 142.25
0.2, 302.95, 142.27
0.2, 302.95, 142.29
0.2, 302.95, 142.31
0.2, 302.95, 142.33
0.2, 302.95, 142.35
0.2, 302.95, 142.37
0.11, 303.04, 142.38
0.2, 302.95, 142.4
0.2, 302.95, 142.42
0.2, 302.95, 142.44
0.2, 302.95, 142.46
0.2, 302.95, 142.48
0.2, 302.95, 142.5
0.2, 302.95, 142.52
0.2, 302.95, 142.54
0.2, 302.95, 142.56
0.2, 302.95, 142.58
0.2, 302.95, 142.6
0.2, 302.95, 142.62
0.2, 302.95, 142.64
0.2, 302.95, 142.66
0.2, 302.95, 142.68
0.2, 302.95, 142.7
0.2, 302.95, 142.72
0.2, 302.95, 142.74
0.2, 302.95, 142.76
0.2, 302.95, 142.78
0.2, 302.95, 142.8
0.2, 302.95, 142.82
0.2, 302.95, 142.84
0.2, 302.95, 142.86
0.2, 302.95, 142.88
0.2, 302.95, 142.9
0.2, 302.95, 142.92
0.2, 302.95, 142.94
0.2, 302.95, 142.96
0.2, 302.95, 142.98
0.2, 302.95, 143.01
0.2, 302.95, 143.03
0.2, 302.95, 143.05
0.2, 302.95, 143.07
0.2, 302.95, 143.09
0.2, 302.95, 143.11
0.29, 302.86, 143.13
0.2, 302.95, 143.16
0.2, 302.95, 143.18
0.2, 302.95, 143.2
0.2, 302.95, 143.22
0.2, 302.95, 143.24
0.2, 302.95, 143.26
0.29, 302.86, 143.28
0.29, 302.86, 143.31
0.29, 302.86, 143.34
0.2, 302.95, 143.37
0.2, 302.95, 143.39
0.29, 302.86, 143.41
0.2, 302.95, 143.44
0.2, 302.95, 143.46
0.2, 302.95, 143.48
0.2, 302.95, 143.5
0.2, 302.95, 143.52
0.29, 302.86, 143.54
0.2, 302.95, 143.57
0.29, 302.86, 143.59
0.29, 302.86, 143.62
0.29, 302.86, 143.65
0.2, 302.95, 143.68
0.2, 302.95, 143.7
0.2, 302.95, 143.72
0.29, 302.86, 143.74
0.2, 302.95, 143.77
0.29, 302.86, 143.79
0.29, 302.86, 143.82
0.29, 302.86, 143.85
0.2, 302.95, 143.87
0.2, 302.95, 143.89
0.2, 302.95, 143.91
0.2, 302.95, 143.93
0.2, 302.95, 143.95
0.2, 302.95, 143.98
0.29, 302.86, 144.0
0.29, 302.86, 144.03
0.29, 302.86, 144.06
0.29, 302.86, 144.09
0.2, 302.95, 144.11
0.2, 302.95, 144.13
0.2, 302.95, 144.15
0.2, 302.95, 144.17
0.29, 302.86, 144.2
0.2, 302.95, 144.22
0.2, 302.95, 144.24
0.2, 302.95, 144.26
0.29, 302.86, 144.29
0.29, 302.86, 144.32
0.2, 302.95, 144.34
0.29, 302.86, 144.37
0.29, 302.86, 144.4
0.2, 302.95, 144.42
0.29, 302.86, 144.45
0.2, 302.95, 144.47
0.29, 302.86, 144.5
0.2, 302.95, 144.52
0.29, 302.86, 144.55
0.29, 302.86, 144.58
0.29, 302.86, 144.61
0.29, 302.86, 144.64
0.29, 302.86, 144.66
0.29, 302.86, 144.69
0.2, 302.95, 144.72
0.2, 302.95, 144.74
0.29, 302.86, 144.76
0.29, 302.86, 144.79
0.2, 302.95, 144.82
0.29, 302.86, 144.84
0.2, 302.95, 144.87
0.29, 302.86, 144.89
0.29, 302.86, 144.92
0.29, 302.86, 144.95
0.29, 302.86, 144.98
0.29, 302.86, 145.01
0.2, 302.95, 145.04
0.2, 302.95, 145.06
0.29, 302.86, 145.08
0.29, 302.86, 145.11
0.29, 302.86, 145.14
0.29, 302.86, 145.17
0.29, 302.86, 145.2
0.2, 302.95, 145.22
0.29, 302.86, 145.25
0.2, 302.95, 145.27
0.2, 302.95, 145.29
0.2, 302.95, 145.31
0.2, 302.95, 145.33
0.2, 302.95, 145.36
0.29, 302.86, 145.38
0.29, 302.86, 145.41
0.29, 302.86, 145.44
0.29, 302.86, 145.47
0.29, 302.86, 145.5
0.29, 302.86, 145.53
0.2, 302.95, 145.55
0.2, 302.95, 145.57
0.29, 302.86, 145.6
0.29, 302.86, 145.63
0.29, 302.86, 145.66
0.29, 302.86, 145.69
0.29, 302.86, 145.72
0.29, 302.86, 145.74
0.29, 302.86, 145.77
0.29, 302.86, 145.8
0.29, 302.86, 145.83
0.29, 302.86, 145.86
0.29, 302.86, 145.89
0.29, 302.86, 145.92
0.29, 302.86, 145.95
0.29, 302.86, 145.98
0.29, 302.86, 146.01
0.29, 302.86, 146.04
0.29, 302.86, 146.07
0.29, 302.86, 146.1
0.29, 302.86, 146.13
0.38, 302.77, 146.16
0.29, 302.86, 146.2
0.29, 302.86, 146.23
0.29, 302.86, 146.26
0.29, 302.86, 146.29
0.29, 302.86, 146.32
0.29, 302.86, 146.34
0.29, 302.86, 146.37
0.29, 302.86, 146.4
0.38, 302.77, 146.44
0.29, 302.86, 146.47
0.29, 302.86, 146.5
0.29, 302.86, 146.53
0.29, 302.86, 146.56
0.29, 302.86, 146.59
0.29, 302.86, 146.62
0.29, 302.86, 146.65
0.29, 302.86, 146.68
0.29, 302.86, 146.71
0.29, 302.86, 146.74
0.29, 302.86, 146.77
0.29, 302.86, 146.8
0.38, 302.77, 146.83
0.38, 302.77, 146.87
0.38, 302.77, 146.91
0.29, 302.86, 146.94
0.38, 302.77, 146.98
0.29, 302.86, 147.01
0.29, 302.86, 147.04
0.29, 302.86, 147.07
0.29, 302.86, 147.1
0.29, 302.86, 147.13
0.29, 302.86, 147.16
0.29, 302.86, 147.19
0.38, 302.77, 147.22
0.29, 302.86, 147.26
0.38, 302.77, 147.29
0.38, 302.77, 147.33
0.38, 302.77, 147.37
0.29, 302.86, 147.4
0.38, 302.77, 147.44
0.29, 302.86, 147.47
0.29, 302.86, 147.5
0.29, 302.86, 147.53
0.38, 302.77, 147.56
0.38, 302.77, 147.6
0.38, 302.77, 147.64
0.38, 302.77, 147.68
0.29, 302.86, 147.72
0.38, 302.77, 147.75
0.29, 302.86, 147.78
0.29, 302.86, 147.81
0.29, 302.86, 147.84
0.38, 302.77, 147.88
0.38, 302.77, 147.92
0.29, 302.86, 147.95
0.38, 302.77, 147.98
0.38, 302.77, 148.02
0.38, 302.77, 148.06
0.38, 302.77, 148.1
0.38, 302.77, 148.14
0.38, 302.77, 148.18
0.38, 302.77, 148.22
0.38, 302.77, 148.26
0.29, 302.86, 148.29
0.38, 302.77, 148.32
0.66, 302.49, 148.38
0.38, 302.77, 148.43
0.38, 302.77, 148.47
0.38, 302.77, 148.51
0.29, 302.86, 148.54
0.38, 302.77, 148.58
0.47, 302.68, 148.62
0.38, 302.77, 148.66
0.38, 302.77, 148.7
0.38, 302.77, 148.74
0.38, 302.77, 148.78
0.38, 302.77, 148.82
0.38, 302.77, 148.86
0.38, 302.77, 148.9
0.38, 302.77, 148.94
0.38, 302.77, 148.97
0.38, 302.77, 149.01
0.38, 302.77, 149.05
0.38, 302.77, 149.09
0.38, 302.77, 149.13
0.38, 302.77, 149.17
0.38, 302.77, 149.21
0.38, 302.77, 149.25
0.38, 302.77, 149.29
0.38, 302.77, 149.32
0.38, 302.77, 149.36
0.38, 302.77, 149.4
0.38, 302.77, 149.44
0.38, 302.77, 149.48
0.38, 302.77, 149.52
0.38, 302.77, 149.56
0.38, 302.77, 149.6
0.38, 302.77, 149.63
0.38, 302.77, 149.67
0.38, 302.77, 149.71
0.38, 302.77, 149.75
0.29, 302.86, 149.79
0.38, 302.77, 149.82
0.38, 302.77, 149.86
0.38, 302.77, 149.9
0.38, 302.77, 149.94
0.38, 302.77, 149.97
0.38, 302.77, 150.01
0.38, 302.77, 150.05
0.38, 302.77, 150.09
0.38, 302.77, 150.13
0.38, 302.77, 150.17
0.38, 302.77, 150.21
0.29, 302.86, 150.24
0.38, 302.77, 150.28
0.38, 302.77, 150.32
0.38, 302.77, 150.35
0.38, 302.77, 150.39
0.38, 302.77, 150.43
0.38, 302.77, 150.47
0.38, 302.77, 150.51
0.38, 302.77, 150.55
0.38, 302.77, 150.59
0.38, 302.77, 150.63
0.38, 302.77, 150.66
0.38, 302.77, 150.7
0.38, 302.77, 150.74
0.38, 302.77, 150.78
0.38, 302.77, 150.82
0.38, 302.77, 150.86
0.38, 302.77, 150.9
0.38, 302.77, 150.94
0.38, 302.77, 150.98
0.38, 302.77, 151.01
0.38, 302.77, 151.05
0.38, 302.77, 151.09
0.38, 302.77, 151.13
0.38, 302.77, 151.17
0.38, 302.77, 151.21
0.38, 302.77, 151.25
0.47, 302.68, 151.29
0.38, 302.77, 151.34
0.38, 302.77, 151.37
0.38, 302.77, 151.41
0.38, 302.77, 151.45
0.38, 302.77, 151.49
0.38, 302.77, 151.53
0.38, 302.77, 151.57
0.38, 302.77, 151.61
0.38, 302.77, 151.65
0.38, 302.77, 151.68
0.38, 302.77, 151.72
0.38, 302.77, 151.76
0.38, 302.77, 151.8
0.38, 302.77, 151.84
0.38, 302.77, 151.88
0.38, 302.77, 151.92
0.38, 302.77, 151.96
0.38, 302.77, 152.0
0.38, 302.77, 152.03
0.38, 302.77, 152.07
0.38, 302.77, 152.11
0.38, 302.77, 152.15
0.38, 302.77, 152.19
0.38, 302.77, 152.23
0.38, 302.77, 152.27
0.38, 302.77, 152.31
0.38, 302.77, 152.34
0.38, 302.77, 152.38
0.38, 302.77, 152.42
0.38, 302.77, 152.46
0.38, 302.77, 152.5
0.38, 302.77, 152.54
0.38, 302.77, 152.58
0.38, 302.77, 152.62
0.38, 302.77, 152.66
0.38, 302.77, 152.69
0.38, 302.77, 152.73
0.38, 302.77, 152.77
0.38, 302.77, 152.81
0.38, 302.77, 152.85
0.38, 302.77, 152.89
0.38, 302.77, 152.93
0.38, 302.77, 152.97
0.38, 302.77, 153.01
0.38, 302.77, 153.04
0.38, 302.77, 153.08
0.38, 302.77, 153.12
0.38, 302.77, 153.16
0.38, 302.77, 153.2
0.38, 302.77, 153.24
0.38, 302.77, 153.28
0.38, 302.77, 153.32
0.38, 302.77, 153.35
0.38, 302.77, 153.39
0.47, 302.68, 153.44
0.38, 302.77, 153.48
0.38, 302.77, 153.52
0.38, 302.77, 153.56
0.38, 302.77, 153.6
0.47, 302.68, 153.64
0.38, 302.77, 153.68
0.38, 302.77, 153.72
0.38, 302.77, 153.76
0.38, 302.77, 153.8
0.38, 302.77, 153.84
0.47, 302.68, 153.88
0.38, 302.77, 153.93
0.47, 302.68, 153.97
0.47, 302.68, 154.02
0.38, 302.77, 154.06
0.38, 302.77, 154.1
0.38, 302.77, 154.14
0.38, 302.77, 154.18
0.38, 302.77, 154.22
0.38, 302.77, 154.26
0.38, 302.77, 154.29
0.38, 302.77, 154.33
0.47, 302.68, 154.38
0.38, 302.77, 154.42
0.38, 302.77, 154.46
0.38, 302.77, 154.5
0.38, 302.77, 154.54
0.38, 302.77, 154.58
0.38, 302.77, 154.61
0.38, 302.77, 154.65
0.38, 302.77, 154.69
0.38, 302.77, 154.73
0.38, 302.77, 154.77
0.47, 302.68, 154.81
0.38, 302.77, 154.86
0.38, 302.77, 154.9
0.38, 302.77, 154.93
0.38, 302.77, 154.97
0.38, 302.77, 155.01
0.47, 302.68, 155.06
0.47, 302.68, 155.1
0.47, 302.68, 155.15
0.47, 302.68, 155.2
0.38, 302.77, 155.24
0.38, 302.77, 155.28
0.38, 302.77, 155.32
0.47, 302.68, 155.37
0.38, 302.77, 155.41
0.38, 302.77, 155.45
0.38, 302.77, 155.49
0.38, 302.77, 155.53
0.38, 302.77, 155.56
0.47, 302.68, 155.61
0.47, 302.68, 155.66
0.47, 302.68, 155.7
0.38, 302.77, 155.75
0.38, 302.77, 155.79
0.38, 302.77, 155.82
0.38, 302.77, 155.86
0.57, 302.58, 155.91
0.47, 302.68, 155.96
0.47, 302.68, 156.01
0.38, 302.77, 156.06
0.47, 302.68, 156.1
0.47, 302.68, 156.15
0.38, 302.77, 156.19
0.38, 302.77, 156.23
0.38, 302.77, 156.27
0.38, 302.77, 156.31
0.38, 302.77, 156.35
0.38, 302.77, 156.39
0.38, 302.77, 156.42
0.47, 302.68, 156.47
0.38, 302.77, 156.51
0.47, 302.68, 156.55
0.38, 302.77, 156.6
0.38, 302.77, 156.64
0.38, 302.77, 156.68
0.38, 302.77, 156.71
0.38, 302.77, 156.75
0.38, 302.77, 156.79
0.38, 302.77, 156.83
0.57, 302.58, 156.88
0.47, 302.68, 156.93
0.47, 302.68, 156.98
0.47, 302.68, 157.03
0.38, 302.77, 157.07
0.38, 302.77, 157.11
0.38, 302.77, 157.15
0.38, 302.77, 157.19
0.38, 302.77, 157.23
0.47, 302.68, 157.27
0.47, 302.68, 157.32
0.47, 302.68, 157.37
0.38, 302.77, 157.41
0.38, 302.77, 157.45
0.47, 302.68, 157.49
0.38, 302.77, 157.54
0.38, 302.77, 157.58
0.38, 302.77, 157.61
0.38, 302.77, 157.65
0.38, 302.77, 157.69
0.47, 302.68, 157.74
0.38, 302.77, 157.78
0.47, 302.68, 157.82
0.47, 302.68, 157.87
0.47, 302.68, 157.92
0.47, 302.68, 157.97
0.38, 302.77, 158.01
0.38, 302.77, 158.05
0.38, 302.77, 158.09
0.38, 302.77, 158.13
0.47, 302.68, 158.17
0.47, 302.68, 158.22
0.47, 302.68, 158.27
0.47, 302.68, 158.32
0.47, 302.68, 158.36
0.47, 302.68, 158.41
0.47, 302.68, 158.46
0.38, 302.77, 158.5
0.38, 302.77, 158.54
0.38, 302.77, 158.58
0.75, 302.4, 158.64
0.47, 302.68, 158.7
0.47, 302.68, 158.75
0.47, 302.68, 158.8
0.47, 302.68, 158.84
0.47, 302.68, 158.89
0.47, 302.68, 158.94
0.47, 302.68, 158.99
0.47, 302.68, 159.04
0.38, 302.77, 159.08
0.38, 302.77, 159.12
0.47, 302.68, 159.16
0.47, 302.68, 159.21
0.47, 302.68, 159.26
0.47, 302.68, 159.31
0.47, 302.68, 159.36
0.47, 302.68, 159.4
0.38, 302.77, 159.45
0.38, 302.77, 159.49
0.38, 302.77, 159.53
0.38, 302.77, 159.56
0.38, 302.77, 159.6
0.47, 302.68, 159.65
0.47, 302.68, 159.7
0.47, 302.68, 159.74
0.38, 302.77, 159.79
0.47, 302.68, 159.83
0.47, 302.68, 159.88
0.38, 302.77, 159.92
0.38, 302.77, 159.96
0.38, 302.77, 160.0
0.38, 302.77, 160.04
0.47, 302.68, 160.08
0.47, 302.68, 160.13
0.47, 302.68, 160.18
0.38, 302.77, 160.22
0.38, 302.77, 160.26
0.47, 302.68, 160.3
0.38, 302.77, 160.35
0.38, 302.77, 160.39
0.47, 302.68, 160.43
0.38, 302.77, 160.47
0.38, 302.77, 160.51
0.47, 302.68, 160.56
0.47, 302.68, 160.6
0.47, 302.68, 160.65
0.38, 302.77, 160.7
0.47, 302.68, 160.74
0.38, 302.77, 160.78
0.38, 302.77, 160.82
0.38, 302.77, 160.86
0.38, 302.77, 160.9
0.47, 302.68, 160.94
0.47, 302.68, 160.99
0.47, 302.68, 161.04
0.47, 302.68, 161.09
0.47, 302.68, 161.14
0.38, 302.77, 161.18
0.38, 302.77, 161.22
0.38, 302.77, 161.26
0.38, 302.77, 161.3
0.38, 302.77, 161.33
0.38, 302.77, 161.37
0.47, 302.68, 161.42
0.47, 302.68, 161.46
0.38, 302.77, 161.51
0.47, 302.68, 161.55
0.47, 302.68, 161.6
0.38, 302.77, 161.64
0.38, 302.77, 161.68
0.38, 302.77, 161.72
0.38, 302.77, 161.76
0.47, 302.68, 161.8
0.47, 302.68, 161.85
0.47, 302.68, 161.9
0.47, 302.68, 161.95
0.47, 302.68, 162.0
0.47, 302.68, 162.04
0.47, 302.68, 162.09
0.38, 302.77, 162.14
0.38, 302.77, 162.18
0.38, 302.77, 162.21
0.38, 302.77, 162.25
0.38, 302.77, 162.29
0.47, 302.68, 162.33
0.38, 302.77, 162.38
0.38, 302.77, 162.42
0.38, 302.77, 162.46
0.38, 302.77, 162.49
0.38, 302.77, 162.53
0.38, 302.77, 162.57
0.38, 302.77, 162.61
0.38, 302.77, 162.65
0.38, 302.77, 162.69
0.47, 302.68, 162.73
0.47, 302.68, 162.78
0.47, 302.68, 162.83
0.38, 302.77, 162.87
0.38, 302.77, 162.91
0.47, 302.68, 162.96
0.38, 302.77, 163.0
0.38, 302.77, 163.04
0.38, 302.77, 163.08
0.38, 302.77, 163.12
0.47, 302.68, 163.16
0.47, 302.68, 163.21
0.47, 302.68, 163.25
0.38, 302.77, 163.3
0.38, 302.77, 163.34
0.38, 302.77, 163.38
0.38, 302.77, 163.41
0.38, 302.77, 163.45
0.38, 302.77, 163.49
0.38, 302.77, 163.53
0.38, 302.77, 163.57
0.38, 302.77, 163.61
0.38, 302.77, 163.65
0.38, 302.77, 163.69
0.38, 302.77, 163.73
0.38, 302.77, 163.76
0.47, 302.68, 163.81
0.38, 302.77, 163.85
0.38, 302.77, 163.89
0.38, 302.77, 163.93
0.38, 302.77, 163.97
0.38, 302.77, 164.01
0.38, 302.77, 164.05
0.38, 302.77, 164.08
0.47, 302.68, 164.13
0.38, 302.77, 164.17
0.38, 302.77, 164.21
0.38, 302.77, 164.25
0.38, 302.77, 164.29
0.47, 302.68, 164.33
0.38, 302.77, 164.37
0.38, 302.77, 164.41
0.38, 302.77, 164.45
0.38, 302.77, 164.49
0.38, 302.77, 164.53
0.38, 302.77, 164.57
0.38, 302.77, 164.61
0.38, 302.77, 164.65
0.38, 302.77, 164.69
0.38, 302.77, 164.72
0.47, 302.68, 164.77
0.38, 302.77, 164.81
0.38, 302.77, 164.85
0.38, 302.77, 164.89
0.38, 302.77, 164.93
0.38, 302.77, 164.97
0.38, 302.77, 165.01
0.38, 302.77, 165.04
0.38, 302.77, 165.08
0.38, 302.77, 165.12
0.47, 302.68, 165.16
0.47, 302.68, 165.21
0.38, 302.77, 165.26
0.38, 302.77, 165.3
0.38, 302.77, 165.33
0.38, 302.77, 165.37
0.38, 302.77, 165.41
0.38, 302.77, 165.45
0.47, 302.68, 165.49
0.38, 302.77, 165.54
0.47, 302.68, 165.58
0.47, 302.68, 165.63
0.47, 302.68, 165.68
0.47, 302.68, 165.73
0.38, 302.77, 165.77
0.38, 302.77, 165.81
0.38, 302.77, 165.85
0.47, 302.68, 165.89
0.38, 302.77, 165.93
0.38, 302.77, 165.97
0.47, 302.68, 166.02
0.38, 302.77, 166.06
0.47, 302.68, 166.1
0.47, 302.68, 166.15
0.38, 302.77, 166.19
0.38, 302.77, 166.23
0.47, 302.68, 166.28
0.47, 302.68, 166.33
0.47, 302.68, 166.37
0.47, 302.68, 166.42
0.38, 302.77, 166.47
0.47, 302.68, 166.51
0.47, 302.68, 166.56
0.38, 302.77, 166.6
0.38, 302.77, 166.64
0.47, 302.68, 166.68
0.38, 302.77, 166.73
0.38, 302.77, 166.77
0.47, 302.68, 166.81
0.38, 302.77, 166.85
0.47, 302.68, 166.9
0.47, 302.68, 166.94
0.47, 302.68, 166.99
0.47, 302.68, 167.04
0.47, 302.68, 167.09
0.38, 302.77, 167.13
0.38, 302.77, 167.17
0.38, 302.77, 167.21
0.38, 302.77, 167.25
0.47, 302.68, 167.29
0.47, 302.68, 167.34
0.47, 302.68, 167.39
0.47, 302.68, 167.44
0.47, 302.68, 167.48
0.47, 302.68, 167.53
0.38, 302.77, 167.58
0.38, 302.77, 167.62
0.38, 302.77, 167.65
0.38, 302.77, 167.69
0.47, 302.68, 167.74
0.47, 302.68, 167.78
0.47, 302.68, 167.83
0.38, 302.77, 167.88
0.47, 302.68, 167.92
0.47, 302.68, 167.97
0.38, 302.77, 168.01
0.38, 302.77, 168.05
0.38, 302.77, 168.09
0.47, 302.68, 168.13
0.47, 302.68, 168.18
0.47, 302.68, 168.23
0.47, 302.68, 168.28
0.47, 302.68, 168.33
0.47, 302.68, 168.37
0.47, 302.68, 168.42
0.38, 302.77, 168.46
0.38, 302.77, 168.5
0.38, 302.77, 168.54
0.47, 302.68, 168.59
0.47, 302.68, 168.63
0.38, 302.77, 168.68
0.47, 302.68, 168.72
0.47, 302.68, 168.77
0.38, 302.77, 168.81
0.38, 302.77, 168.85
0.38, 302.77, 168.89
0.38, 302.77, 168.93
0.38, 302.77, 168.97
0.47, 302.68, 169.01
0.47, 302.68, 169.06
0.47, 302.68, 169.11
0.47, 302.68, 169.16
0.47, 302.68, 169.2
0.47, 302.68, 169.25
0.47, 302.68, 169.3
0.47, 302.68, 169.35
0.38, 302.77, 169.39
0.47, 302.68, 169.44
0.47, 302.68, 169.48
0.47, 302.68, 169.53
0.47, 302.68, 169.58
0.47, 302.68, 169.63
0.47, 302.68, 169.68
0.47, 302.68, 169.73
0.47, 302.68, 169.77
0.38, 302.77, 169.82
0.38, 302.77, 169.86
0.47, 302.68, 169.9
0.47, 302.68, 169.95
0.47, 302.68, 170.0
0.47, 302.68, 170.04
0.47, 302.68, 170.09
0.47, 302.68, 170.14
0.38, 302.77, 170.18
0.47, 302.68, 170.23
0.38, 302.77, 170.27
0.47, 302.68, 170.31
0.38, 302.77, 170.36
0.38, 302.77, 170.4
0.47, 302.68, 170.44
0.47, 302.68, 170.49
0.38, 302.77, 170.53
0.38, 302.77, 170.57
0.38, 302.77, 170.61
0.38, 302.77, 170.65
0.38, 302.77, 170.69
0.47, 302.68, 170.73
0.38, 302.77, 170.77
0.38, 302.77, 170.81
0.47, 302.68, 170.86
0.38, 302.77, 170.9
0.47, 302.68, 170.94
0.47, 302.68, 170.99
0.38, 302.77, 171.03
0.38, 302.77, 171.07
0.38, 302.77, 171.11
0.38, 302.77, 171.15
0.38, 302.77, 171.19
0.47, 302.68, 171.23
0.38, 302.77, 171.28
0.38, 302.77, 171.32
0.47, 302.68, 171.36
0.38, 302.77, 171.4
0.47, 302.68, 171.45
0.66, 302.49, 171.5
0.38, 302.77, 171.56
0.38, 302.77, 171.6
0.38, 302.77, 171.63
0.38, 302.77, 171.67
0.47, 302.68, 171.72
0.47, 302.68, 171.76
0.38, 302.77, 171.81
0.38, 302.77, 171.85
0.38, 302.77, 171.89
0.38, 302.77, 171.92
0.38, 302.77, 171.96
0.38, 302.77, 172.0
0.38, 302.77, 172.04
0.38, 302.77, 172.08
0.38, 302.77, 172.12
0.47, 302.68, 172.16
0.38, 302.77, 172.21
0.38, 302.77, 172.25
0.47, 302.68, 172.29
0.38, 302.77, 172.33
0.38, 302.77, 172.37
0.38, 302.77, 172.41
0.38, 302.77, 172.45
0.38, 302.77, 172.49
0.38, 302.77, 172.53
0.38, 302.77, 172.56
0.38, 302.77, 172.6
0.38, 302.77, 172.64
0.38, 302.77, 172.68
0.38, 302.77, 172.72
0.38, 302.77, 172.76
0.38, 302.77, 172.8
0.38, 302.77, 172.84
0.38, 302.77, 172.88
0.38, 302.77, 172.92
0.38, 302.77, 172.95
0.38, 302.77, 172.99
0.38, 302.77, 173.03
0.38, 302.77, 173.07
0.38, 302.77, 173.11
0.38, 302.77, 173.15
0.38, 302.77, 173.19
0.38, 302.77, 173.23
0.38, 302.77, 173.26
0.38, 302.77, 173.3
0.38, 302.77, 173.34
0.38, 302.77, 173.38
0.38, 302.77, 173.42
0.38, 302.77, 173.46
0.38, 302.77, 173.5
0.38, 302.77, 173.54
0.38, 302.77, 173.57
0.38, 302.77, 173.61
0.38, 302.77, 173.65
0.38, 302.77, 173.69
0.38, 302.77, 173.73
0.38, 302.77, 173.77
0.38, 302.77, 173.81
0.38, 302.77, 173.85
0.38, 302.77, 173.89
0.38, 302.77, 173.93
0.38, 302.77, 173.96
0.38, 302.77, 174.04
0.38, 302.77, 174.08
0.38, 302.77, 174.12
0.38, 302.77, 174.16
0.38, 302.77, 174.2
0.38, 302.77, 174.24
0.38, 302.77, 174.27
0.38, 302.77, 174.31
0.38, 302.77, 174.35
0.38, 302.77, 174.39
0.38, 302.77, 174.43
0.38, 302.77, 174.47
0.38, 302.77, 174.51
0.38, 302.77, 174.55
0.38, 302.77, 174.59
0.38, 302.77, 174.62
0.38, 302.77, 174.66
0.38, 302.77, 174.7
0.29, 302.86, 174.74
0.29, 302.86, 174.77
0.38, 302.77, 174.8
0.38, 302.77, 174.84
0.38, 302.77, 174.88
0.38, 302.77, 174.92
0.38, 302.77, 174.95
0.29, 302.86, 174.99
0.29, 302.86, 175.02
0.29, 302.86, 175.05
0.29, 302.86, 175.08
0.38, 302.77, 175.11
0.38, 302.77, 175.15
0.38, 302.77, 175.19
0.38, 302.77, 175.23
0.29, 302.86, 175.26
0.38, 302.77, 175.3
0.38, 302.77, 175.34
0.29, 302.86, 175.37
0.29, 302.86, 175.4
0.29, 302.86, 175.43
0.38, 302.77, 175.46
0.38, 302.77, 175.5
0.38, 302.77, 175.54
0.38, 302.77, 175.58
0.38, 302.77, 175.62
0.38, 302.77, 175.66
0.38, 302.77, 175.7
0.29, 302.86, 175.73
0.38, 302.77, 175.76
0.29, 302.86, 175.8
0.38, 302.77, 175.83
0.38, 302.77, 175.87
0.38, 302.77, 175.91
0.38, 302.77, 175.95
0.29, 302.86, 175.98
0.38, 302.77, 176.02
0.29, 302.86, 176.05
0.29, 302.86, 176.08
0.38, 302.77, 176.12
0.38, 302.77, 176.15
0.38, 302.77, 176.19
0.38, 302.77, 176.23
0.38, 302.77, 176.27
0.38, 302.77, 176.31
0.38, 302.77, 176.35
0.38, 302.77, 176.39
0.29, 302.86, 176.42
0.66, 302.49, 176.47
0.38, 302.77, 176.52
0.38, 302.77, 176.56
0.38, 302.77, 176.6
0.38, 302.77, 176.64
0.38, 302.77, 176.68
0.38, 302.77, 176.72
0.38, 302.77, 176.76
0.38, 302.77, 176.8
0.38, 302.77, 176.83
0.38, 302.77, 176.87
0.38, 302.77, 176.91
0.38, 302.77, 176.95
0.38, 302.77, 176.99
0.38, 302.77, 177.03
0.38, 302.77, 177.07
0.38, 302.77, 177.11
0.38, 302.77, 177.14
0.38, 302.77, 177.18
0.38, 302.77, 177.22
0.38, 302.77, 177.26
0.38, 302.77, 177.3
0.38, 302.77, 177.34
0.38, 302.77, 177.38
0.38, 302.77, 177.42
0.38, 302.77, 177.46
0.38, 302.77, 177.49
0.38, 302.77, 177.53
0.38, 302.77, 177.57
0.38, 302.77, 177.61
0.38, 302.77, 177.65
0.38, 302.77, 177.69
0.29, 302.86, 177.72
0.38, 302.77, 177.76
0.38, 302.77, 177.8
0.29, 302.86, 177.83
0.38, 302.77, 177.86
0.38, 302.77, 177.9
0.38, 302.77, 177.94
0.29, 302.86, 177.98
0.29, 302.86, 178.01
0.29, 302.86, 178.03
0.29, 302.86, 178.06
0.29, 302.86, 178.09
0.38, 302.77, 178.13
0.38, 302.77, 178.17
0.38, 302.77, 178.21
0.29, 302.86, 178.24
0.38, 302.77, 178.27
0.29, 302.86, 178.31
0.29, 302.86, 178.34
0.29, 302.86, 178.37
0.29, 302.86, 178.4
0.29, 302.86, 178.43
0.38, 302.77, 178.46
0.38, 302.77, 178.5
0.38, 302.77, 178.54
0.29, 302.86, 178.57
0.29, 302.86, 178.6
0.29, 302.86, 178.63
0.29, 302.86, 178.66
0.29, 302.86, 178.69
0.29, 302.86, 178.72
0.29, 302.86, 178.75
0.29, 302.86, 178.78
0.29, 302.86, 178.81
0.29, 302.86, 178.84
0.29, 302.86, 178.87
0.29, 302.86, 178.9
0.29, 302.86, 178.93
0.29, 302.86, 178.96
0.29, 302.86, 178.99
0.29, 302.86, 179.02
0.29, 302.86, 179.05
0.29, 302.86, 179.07
0.29, 302.86, 179.1
0.29, 302.86, 179.13
0.29, 302.86, 179.16
0.29, 302.86, 179.19
0.29, 302.86, 179.22
0.29, 302.86, 179.25
0.29, 302.86, 179.28
0.29, 302.86, 179.31
0.29, 302.86, 179.34
0.29, 302.86, 179.37
0.29, 302.86, 179.4
0.29, 302.86, 179.43
0.29, 302.86, 179.46
0.29, 302.86, 179.49
0.29, 302.86, 179.52
0.29, 302.86, 179.55
0.29, 302.86, 179.58
0.29, 302.86, 179.61
0.29, 302.86, 179.64
0.38, 302.77, 179.67
0.38, 302.77, 179.71
0.29, 302.86, 179.74
0.29, 302.86, 179.77
0.29, 302.86, 179.8
0.29, 302.86, 179.83
0.29, 302.86, 179.86
0.29, 302.86, 179.89
0.29, 302.86, 179.92
0.38, 302.77, 179.95
0.29, 302.86, 179.99
0.29, 302.86, 180.02
0.29, 302.86, 180.05
0.29, 302.86, 180.08
0.29, 302.86, 180.11
0.29, 302.86, 180.14
0.29, 302.86, 180.16
0.29, 302.86, 180.19
0.29, 302.86, 180.22
0.29, 302.86, 180.25
0.38, 302.77, 180.29
0.29, 302.86, 180.32
0.29, 302.86, 180.35
0.29, 302.86, 180.38
0.29, 302.86, 180.41
0.29, 302.86, 180.44
0.29, 302.86, 180.47
0.29, 302.86, 180.5
0.29, 302.86, 180.53
0.29, 302.86, 180.56
0.38, 302.77, 180.59
0.29, 302.86, 180.63
0.29, 302.86, 180.66
0.29, 302.86, 180.69
0.29, 302.86, 180.72
0.29, 302.86, 180.74
0.29, 302.86, 180.77
0.29, 302.86, 180.8
0.29, 302.86, 180.83
0.29, 302.86, 180.86
0.29, 302.86, 180.89
0.29, 302.86, 180.92
0.29, 302.86, 180.95
0.38, 302.77, 180.99
0.29, 302.86, 181.02
0.29, 302.86, 181.05
0.29, 302.86, 181.08
0.29, 302.86, 181.11
0.38, 302.77, 181.14
0.29, 302.86, 181.18
0.29, 302.86, 181.21
0.38, 302.77, 181.24
0.29, 302.86, 181.27
0.29, 302.86, 181.3
0.29, 302.86, 181.33
0.29, 302.86, 181.36
0.29, 302.86, 181.39
0.29, 302.86, 181.42
0.29, 302.86, 181.45
0.29, 302.86, 181.48
0.29, 302.86, 181.51
0.29, 302.86, 181.54
0.38, 302.77, 181.57
0.29, 302.86, 181.61
0.29, 302.86, 181.64
0.29, 302.86, 181.67
0.29, 302.86, 181.7
0.29, 302.86, 181.73
0.29, 302.86, 181.76
0.29, 302.86, 181.79
0.29, 302.86, 181.81
0.29, 302.86, 181.84
0.29, 302.86, 181.87
0.29, 302.86, 181.9
0.29, 302.86, 181.93
0.29, 302.86, 181.96
0.29, 302.86, 181.99
0.29, 302.86, 182.02
0.29, 302.86, 182.05
0.29, 302.86, 182.08
0.29, 302.86, 182.11
0.47, 302.68, 182.15
0.29, 302.86, 182.19
0.29, 302.86, 182.22
0.29, 302.86, 182.25
0.29, 302.86, 182.28
0.29, 302.86, 182.31
0.29, 302.86, 182.34
0.29, 302.86, 182.37
0.29, 302.86, 182.4
0.66, 302.49, 182.44
0.29, 302.86, 182.49
0.29, 302.86, 182.52
0.29, 302.86, 182.55
0.29, 302.86, 182.58
0.29, 302.86, 182.61
0.29, 302.86, 182.64
0.29, 302.86, 182.67
0.29, 302.86, 182.7
0.29, 302.86, 182.73
0.29, 302.86, 182.76
0.29, 302.86, 182.79
0.29, 302.86, 182.82
0.29, 302.86, 182.85
0.29, 302.86, 182.88
0.29, 302.86, 182.9
0.29, 302.86, 182.93
0.29, 302.86, 182.96
0.29, 302.86, 182.99
0.29, 302.86, 183.02
0.29, 302.86, 183.05
0.29, 302.86, 183.08
0.29, 302.86, 183.11
0.29, 302.86, 183.14
0.29, 302.86, 183.17
0.29, 302.86, 183.2
0.29, 302.86, 183.23
0.29, 302.86, 183.26
0.29, 302.86, 183.29
0.29, 302.86, 183.32
0.29, 302.86, 183.35
0.29, 302.86, 183.38
0.29, 302.86, 183.41
0.29, 302.86, 183.44
0.38, 302.77, 183.47
0.29, 302.86, 183.5
0.29, 302.86, 183.53
0.29, 302.86, 183.56
0.29, 302.86, 183.59
0.29, 302.86, 183.62
0.29, 302.86, 183.65
0.38, 302.77, 183.69
0.38, 302.77, 183.72
0.38, 302.77, 183.76
0.38, 302.77, 183.8
0.38, 302.77, 183.84
0.38, 302.77, 183.88
0.38, 302.77, 183.92
0.29, 302.86, 183.95
0.29, 302.86, 183.98
0.29, 302.86, 184.01
0.29, 302.86, 184.04
0.38, 302.77, 184.08
0.38, 302.77, 184.12
0.38, 302.77, 184.15
0.29, 302.86, 184.19
0.38, 302.77, 184.22
0.29, 302.86, 184.26
0.29, 302.86, 184.29
0.29, 302.86, 184.32
0.47, 302.68, 184.35
0.29, 302.86, 184.39
0.29, 302.86, 184.42
0.38, 302.77, 184.46
0.38, 302.77, 184.5
0.29, 302.86, 184.53
0.38, 302.77, 184.56
0.38, 302.77, 184.6
0.29, 302.86, 184.64
0.29, 302.86, 184.67
0.29, 302.86, 184.7
0.29, 302.86, 184.73
0.29, 302.86, 184.76
0.29, 302.86, 184.79
0.29, 302.86, 184.82
0.38, 302.77, 184.85
0.38, 302.77, 184.89
0.29, 302.86, 184.92
0.29, 302.86, 184.95
0.29, 302.86, 184.98
0.29, 302.86, 185.01
0.29, 302.86, 185.04
0.29, 302.86, 185.07
0.47, 302.68, 185.11
0.38, 302.77, 185.15
0.38, 302.77, 185.19
0.38, 302.77, 185.23
0.38, 302.77, 185.27
0.29, 302.86, 185.3
0.29, 302.86, 185.33
0.38, 302.77, 185.37
0.29, 302.86, 185.4
0.29, 302.86, 185.43
0.29, 302.86, 185.46
0.38, 302.77, 185.49
0.29, 302.86, 185.53
0.38, 302.77, 185.56
0.29, 302.86, 185.6
0.29, 302.86, 185.63
0.29, 302.86, 185.66
0.29, 302.86, 185.69
0.29, 302.86, 185.71
0.29, 302.86, 185.74
0.29, 302.86, 185.77
0.29, 302.86, 185.8
0.38, 302.77, 185.84
0.29, 302.86, 185.87
0.38, 302.77, 185.91
0.29, 302.86, 185.94
0.29, 302.86, 185.97
0.29, 302.86, 186.0
0.38, 302.77, 186.03
0.29, 302.86, 186.07
0.29, 302.86, 186.1
0.29, 302.86, 186.13
0.29, 302.86, 186.16
0.29, 302.86, 186.19
0.29, 302.86, 186.22
0.29, 302.86, 186.24
0.29, 302.86, 186.27
0.29, 302.86, 186.3
0.29, 302.86, 186.33
0.29, 302.86, 186.36
0.29, 302.86, 186.39
0.29, 302.86, 186.42
0.29, 302.86, 186.45
0.29, 302.86, 186.48
0.38, 302.77, 186.51
0.29, 302.86, 186.55
0.38, 302.77, 186.58
0.29, 302.86, 186.62
0.29, 302.86, 186.65
0.29, 302.86, 186.68
0.29, 302.86, 186.71
0.38, 302.77, 186.74
0.29, 302.86, 186.77
0.29, 302.86, 186.8
0.29, 302.86, 186.83
0.29, 302.86, 186.86
0.29, 302.86, 186.89
0.29, 302.86, 186.92
0.29, 302.86, 186.95
0.29, 302.86, 186.98
0.29, 302.86, 187.01
0.29, 302.86, 187.04
0.29, 302.86, 187.07
0.29, 302.86, 187.1
0.29, 302.86, 187.13
0.29, 302.86, 187.16
0.29, 302.86, 187.19
0.29, 302.86, 187.22
0.29, 302.86, 187.25
0.29, 302.86, 187.28
0.29, 302.86, 187.31
0.29, 302.86, 187.34
0.29, 302.86, 187.37
0.29, 302.86, 187.39
0.38, 302.77, 187.43
0.29, 302.86, 187.46
0.29, 302.86, 187.49
0.29, 302.86, 187.52
0.29, 302.86, 187.55
0.29, 302.86, 187.58
0.29, 302.86, 187.61
0.29, 302.86, 187.64
0.29, 302.86, 187.67
0.29, 302.86, 187.7
0.29, 302.86, 187.73
0.29, 302.86, 187.76
0.29, 302.86, 187.79
0.29, 302.86, 187.82
0.29, 302.86, 187.85
0.29, 302.86, 187.88
0.29, 302.86, 187.91
0.29, 302.86, 187.94
0.29, 302.86, 187.96
0.29, 302.86, 187.99
0.29, 302.86, 188.02
0.29, 302.86, 188.05
0.29, 302.86, 188.08
0.29, 302.86, 188.11
0.29, 302.86, 188.14
0.29, 302.86, 188.17
0.29, 302.86, 188.2
0.29, 302.86, 188.23
0.29, 302.86, 188.26
0.29, 302.86, 188.29
0.38, 302.77, 188.32
0.29, 302.86, 188.36
0.29, 302.86, 188.39
0.38, 302.77, 188.42
0.29, 302.86, 188.46
0.29, 302.86, 188.49
0.29, 302.86, 188.51
0.29, 302.86, 188.54
0.29, 302.86, 188.57
0.29, 302.86, 188.6
0.29, 302.86, 188.63
0.29, 302.86, 188.66
0.38, 302.77, 188.7
0.38, 302.77, 188.74
0.29, 302.86, 188.77
0.29, 302.86, 188.8
0.29, 302.86, 188.83
0.29, 302.86, 188.86
0.38, 302.77, 188.89
0.29, 302.86, 188.93
0.29, 302.86, 188.96
0.29, 302.86, 188.99
0.29, 302.86, 189.01
0.29, 302.86, 189.04
0.29, 302.86, 189.07
0.29, 302.86, 189.1
0.29, 302.86, 189.13
0.29, 302.86, 189.16
0.29, 302.86, 189.19
0.29, 302.86, 189.22
0.29, 302.86, 189.25
0.38, 302.77, 189.29
0.38, 302.77, 189.32
0.29, 302.86, 189.36
0.29, 302.86, 189.39
0.29, 302.86, 189.42
0.29, 302.86, 189.45
0.29, 302.86, 189.48
0.29, 302.86, 189.51
0.29, 302.86, 189.54
0.38, 302.77, 189.57
0.29, 302.86, 189.6
0.29, 302.86, 189.63
0.29, 302.86, 189.66
0.29, 302.86, 189.69
0.29, 302.86, 189.72
0.29, 302.86, 189.75
0.29, 302.86, 189.78
0.29, 302.86, 189.81
0.29, 302.86, 189.84
0.38, 302.77, 189.87
0.29, 302.86, 189.91
0.29, 302.86, 189.94
0.29, 302.86, 189.97
0.29, 302.86, 190.0
0.29, 302.86, 190.03
0.29, 302.86, 190.06
0.29, 302.86, 190.09
0.38, 302.77, 190.12
0.29, 302.86, 190.15
0.38, 302.77, 190.19
0.29, 302.86, 190.22
0.29, 302.86, 190.25
0.29, 302.86, 190.28
0.29, 302.86, 190.31
0.29, 302.86, 190.34
0.29, 302.86, 190.37
0.38, 302.77, 190.4
0.38, 302.77, 190.44
0.38, 302.77, 190.48
0.38, 302.77, 190.52
0.29, 302.86, 190.56
0.29, 302.86, 190.59
0.29, 302.86, 190.61
0.29, 302.86, 190.64
0.38, 302.77, 190.68
0.38, 302.77, 190.72
0.29, 302.86, 190.75
0.38, 302.77, 190.79
0.38, 302.77, 190.82
0.38, 302.77, 190.86
0.29, 302.86, 190.9
0.29, 302.86, 190.93
0.38, 302.77, 190.96
0.29, 302.86, 190.99
0.29, 302.86, 191.02
0.29, 302.86, 191.05
0.29, 302.86, 191.08
0.29, 302.86, 191.11
0.29, 302.86, 191.14
0.29, 302.86, 191.17
0.29, 302.86, 191.2
0.29, 302.86, 191.23
0.29, 302.86, 191.26
0.29, 302.86, 191.29
0.29, 302.86, 191.32
0.38, 302.77, 191.35
0.38, 302.77, 191.39
0.38, 302.77, 191.43
0.38, 302.77, 191.47
0.29, 302.86, 191.5
0.29, 302.86, 191.53
0.29, 302.86, 191.56
0.29, 302.86, 191.59
0.29, 302.86, 191.62
0.38, 302.77, 191.66
0.29, 302.86, 191.69
0.38, 302.77, 191.73
0.38, 302.77, 191.76
0.38, 302.77, 191.8
0.38, 302.77, 191.84
0.38, 302.77, 191.88
0.38, 302.77, 191.92
0.38, 302.77, 191.96
0.29, 302.86, 191.99
0.38, 302.77, 192.03
0.38, 302.77, 192.07
0.38, 302.77, 192.1
0.38, 302.77, 192.14
0.38, 302.77, 192.18
0.38, 302.77, 192.22
0.38, 302.77, 192.26
0.29, 302.86, 192.29
0.38, 302.77, 192.33
0.38, 302.77, 192.37
0.38, 302.77, 192.41
0.38, 302.77, 192.44
0.38, 302.77, 192.48
0.38, 302.77, 192.52
0.38, 302.77, 192.56
0.38, 302.77, 192.6
0.29, 302.86, 192.63
0.38, 302.77, 192.67
0.38, 302.77, 192.71
0.38, 302.77, 192.75
0.38, 302.77, 192.79
0.38, 302.77, 192.82
0.38, 302.77, 192.86
0.38, 302.77, 192.9
0.38, 302.77, 192.94
0.38, 302.77, 192.98
0.38, 302.77, 193.02
0.38, 302.77, 193.06
0.29, 302.86, 193.09
0.38, 302.77, 193.12
0.38, 302.77, 193.16
0.38, 302.77, 193.2
0.38, 302.77, 193.24
0.29, 302.86, 193.28
0.38, 302.77, 193.31
0.38, 302.77, 193.35
0.29, 302.86, 193.38
0.38, 302.77, 193.42
0.38, 302.77, 193.46
0.38, 302.77, 193.5
0.38, 302.77, 193.53
0.38, 302.77, 193.57
0.38, 302.77, 193.61
0.38, 302.77, 193.65
0.38, 302.77, 193.69
0.38, 302.77, 193.73
0.29, 302.86, 193.76
0.38, 302.77, 193.8
0.38, 302.77, 193.84
0.38, 302.77, 193.87
0.38, 302.77, 193.91
0.38, 302.77, 193.95
0.38, 302.77, 193.99
0.38, 302.77, 194.03
0.38, 302.77, 194.07
0.38, 302.77, 194.11
0.38, 302.77, 194.15
0.38, 302.77, 194.19
0.38, 302.77, 194.22
0.38, 302.77, 194.26
0.38, 302.77, 194.3
0.38, 302.77, 194.34
0.38, 302.77, 194.38
0.38, 302.77, 194.42
0.38, 302.77, 194.46
0.38, 302.77, 194.5
0.38, 302.77, 194.53
0.38, 302.77, 194.57
0.38, 302.77, 194.61
0.38, 302.77, 194.65
0.38, 302.77, 194.69
0.38, 302.77, 194.73
0.38, 302.77, 194.77
0.38, 302.77, 194.81
0.38, 302.77, 194.85
0.38, 302.77, 194.88
0.38, 302.77, 194.92
0.38, 302.77, 194.96
0.38, 302.77, 195.0
0.38, 302.77, 195.04
0.38, 302.77, 195.08
0.38, 302.77, 195.12
0.38, 302.77, 195.16
0.38, 302.77, 195.2
0.38, 302.77, 195.23
0.38, 302.77, 195.27
0.38, 302.77, 195.31
0.38, 302.77, 195.35
0.38, 302.77, 195.39
0.47, 302.68, 195.43
0.38, 302.77, 195.48
0.38, 302.77, 195.51
0.38, 302.77, 195.55
0.38, 302.77, 195.59
0.38, 302.77, 195.63
0.38, 302.77, 195.67
0.38, 302.77, 195.71
0.38, 302.77, 195.75
0.38, 302.77, 195.79
0.38, 302.77, 195.83
0.38, 302.77, 195.87
0.38, 302.77, 195.9
0.38, 302.77, 195.94
0.38, 302.77, 195.98
0.38, 302.77, 196.02
0.38, 302.77, 196.06
0.38, 302.77, 196.1
0.38, 302.77, 196.14
0.38, 302.77, 196.18
0.38, 302.77, 196.21
0.38, 302.77, 196.25
0.38, 302.77, 196.29
0.38, 302.77, 196.33
0.38, 302.77, 196.37
0.38, 302.77, 196.41
0.38, 302.77, 196.45
0.38, 302.77, 196.49
0.38, 302.77, 196.53
0.57, 302.58, 196.57
0.38, 302.77, 196.62
0.38, 302.77, 196.66
0.38, 302.77, 196.7
0.38, 302.77, 196.74
0.38, 302.77, 196.78
0.38, 302.77, 196.82
0.38, 302.77, 196.85
0.38, 302.77, 196.89
0.38, 302.77, 196.93
0.38, 302.77, 196.97
0.38, 302.77, 197.01
0.38, 302.77, 197.05
0.38, 302.77, 197.09
0.38, 302.77, 197.13
0.38, 302.77, 197.16
0.38, 302.77, 197.2
0.38, 302.77, 197.24
0.38, 302.77, 197.28
0.38, 302.77, 197.32
0.38, 302.77, 197.36
0.38, 302.77, 197.4
0.38, 302.77, 197.44
0.38, 302.77, 197.48
0.38, 302.77, 197.51
0.38, 302.77, 197.55
0.38, 302.77, 197.59
0.38, 302.77, 197.63
0.38, 302.77, 197.67
0.38, 302.77, 197.71
0.38, 302.77, 197.75
0.38, 302.77, 197.79
0.38, 302.77, 197.83
0.38, 302.77, 197.86
0.38, 302.77, 197.9
0.38, 302.77, 197.94
0.38, 302.77, 197.98
0.38, 302.77, 198.02
0.47, 302.68, 198.06
0.38, 302.77, 198.11
0.38, 302.77, 198.15
0.38, 302.77, 198.18
0.38, 302.77, 198.22
0.38, 302.77, 198.26
0.38, 302.77, 198.3
0.38, 302.77, 198.34
0.38, 302.77, 198.38
0.38, 302.77, 198.42
0.38, 302.77, 198.46
0.38, 302.77, 198.5
0.38, 302.77, 198.53
0.38, 302.77, 198.57
0.38, 302.77, 198.61
0.38, 302.77, 198.65
0.38, 302.77, 198.69
0.38, 302.77, 198.73
0.38, 302.77, 198.77
0.38, 302.77, 198.81
0.38, 302.77, 198.84
0.38, 302.77, 198.88
0.38, 302.77, 198.92
0.38, 302.77, 198.96
0.38, 302.77, 199.0
0.38, 302.77, 199.04
0.38, 302.77, 199.08
0.38, 302.77, 199.12
0.38, 302.77, 199.16
0.38, 302.77, 199.19
0.38, 302.77, 199.23
0.38, 302.77, 199.27
0.38, 302.77, 199.31
0.38, 302.77, 199.35
0.38, 302.77, 199.39
0.38, 302.77, 199.43
0.38, 302.77, 199.47
0.29, 302.86, 199.5
0.38, 302.77, 199.53
0.38, 302.77, 199.57
0.38, 302.77, 199.61
0.38, 302.77, 199.65
0.38, 302.77, 199.69
0.38, 302.77, 199.73
0.38, 302.77, 199.77
0.38, 302.77, 199.81
0.38, 302.77, 199.85
0.38, 302.77, 199.88
0.38, 302.77, 199.92
0.38, 302.77, 199.96
0.38, 302.77, 200.0
0.38, 302.77, 200.04
0.38, 302.77, 200.08
0.38, 302.77, 200.12
0.38, 302.77, 200.16
0.38, 302.77, 200.2
0.38, 302.77, 200.23
0.38, 302.77, 200.27
0.38, 302.77, 200.31
0.38, 302.77, 200.35
0.38, 302.77, 200.39
0.38, 302.77, 200.43
0.38, 302.77, 200.47
0.38, 302.77, 200.51
0.38, 302.77, 200.54
0.38, 302.77, 200.58
0.38, 302.77, 200.62
0.38, 302.77, 200.66
0.38, 302.77, 200.7
0.47, 302.68, 200.74
0.38, 302.77, 200.79
0.38, 302.77, 200.83
0.38, 302.77, 200.86
0.38, 302.77, 200.9
0.38, 302.77, 200.94
0.38, 302.77, 200.98
0.38, 302.77, 201.02
0.38, 302.77, 201.06
0.38, 302.77, 201.1
0.38, 302.77, 201.14
0.38, 302.77, 201.18
0.38, 302.77, 201.21
0.38, 302.77, 201.25
0.38, 302.77, 201.29
0.38, 302.77, 201.33
0.38, 302.77, 201.37
0.38, 302.77, 201.41
0.38, 302.77, 201.45
0.38, 302.77, 201.49
0.38, 302.77, 201.52
0.38, 302.77, 201.56
0.38, 302.77, 201.6
0.47, 302.68, 201.65
0.38, 302.77, 201.69
0.38, 302.77, 201.73
0.38, 302.77, 201.77
0.38, 302.77, 201.81
0.38, 302.77, 201.84
0.38, 302.77, 201.88
0.38, 302.77, 201.92
0.38, 302.77, 201.96
0.38, 302.77, 202.0
0.38, 302.77, 202.04
0.38, 302.77, 202.08
0.38, 302.77, 202.12
0.38, 302.77, 202.16
0.38, 302.77, 202.19
0.29, 302.86, 202.23
0.38, 302.77, 202.26
0.38, 302.77, 202.3
0.38, 302.77, 202.34
0.38, 302.77, 202.38
0.38, 302.77, 202.42
0.38, 302.77, 202.46
0.38, 302.77, 202.5
0.38, 302.77, 202.53
0.38, 302.77, 202.57
0.38, 302.77, 202.61
0.38, 302.77, 202.65
0.38, 302.77, 202.69
0.38, 302.77, 202.73
0.38, 302.77, 202.77
0.38, 302.77, 202.81
0.38, 302.77, 202.85
0.38, 302.77, 202.89
0.29, 302.86, 202.92
0.38, 302.77, 202.95
0.38, 302.77, 202.99
0.38, 302.77, 203.03
0.38, 302.77, 203.07
0.38, 302.77, 203.11
0.38, 302.77, 203.15
0.38, 302.77, 203.19
0.38, 302.77, 203.22
0.38, 302.77, 203.26
0.38, 302.77, 203.3
0.38, 302.77, 203.34
0.38, 302.77, 203.38
0.38, 302.77, 203.42
0.38, 302.77, 203.46
0.38, 302.77, 203.5
0.38, 302.77, 203.54
0.29, 302.86, 203.57
0.29, 302.86, 203.6
0.29, 302.86, 203.63
0.29, 302.86, 203.66
0.38, 302.77, 203.69
0.38, 302.77, 203.73
0.38, 302.77, 203.77
0.38, 302.77, 203.81
0.38, 302.77, 203.85
0.29, 302.86, 203.88
0.29, 302.86, 203.91
0.29, 302.86, 203.94
0.29, 302.86, 203.97
0.29, 302.86, 204.0
0.29, 302.86, 204.03
0.38, 302.77, 204.06
0.29, 302.86, 204.1
0.29, 302.86, 204.13
0.29, 302.86, 204.16
0.38, 302.77, 204.19
0.38, 302.77, 204.23
0.29, 302.86, 204.26
0.29, 302.86, 204.29
0.29, 302.86, 204.32
0.29, 302.86, 204.35
0.29, 302.86, 204.38
0.29, 302.86, 204.41
0.29, 302.86, 204.44
0.38, 302.77, 204.48
0.29, 302.86, 204.51
0.29, 302.86, 204.54
0.29, 302.86, 204.57
0.29, 302.86, 204.6
0.29, 302.86, 204.63
0.38, 302.77, 204.66
0.29, 302.86, 204.7
0.38, 302.77, 204.73
0.29, 302.86, 204.77
0.29, 302.86, 204.79
0.29, 302.86, 204.82
0.29, 302.86, 204.85
0.29, 302.86, 204.88
0.29, 302.86, 204.91
0.29, 302.86, 204.94
0.29, 302.86, 204.97
0.29, 302.86, 205.0
0.29, 302.86, 205.03
0.29, 302.86, 205.06
0.29, 302.86, 205.09
0.29, 302.86, 205.12
0.29, 302.86, 205.15
0.29, 302.86, 205.18
0.29, 302.86, 205.21
0.38, 302.77, 205.24
0.29, 302.86, 205.28
0.38, 302.77, 205.31
0.29, 302.86, 205.34
0.38, 302.77, 205.38
0.29, 302.86, 205.41
0.29, 302.86, 205.44
0.29, 302.86, 205.47
0.29, 302.86, 205.5
0.29, 302.86, 205.53
0.29, 302.86, 205.56
0.29, 302.86, 205.59
0.29, 302.86, 205.62
0.29, 302.86, 205.65
0.29, 302.86, 205.68
0.29, 302.86, 205.71
0.29, 302.86, 205.74
0.29, 302.86, 205.77
0.29, 302.86, 205.8
0.29, 302.86, 205.83
0.29, 302.86, 205.86
0.29, 302.86, 205.88
0.29, 302.86, 205.91
0.29, 302.86, 205.94
0.29, 302.86, 205.97
0.29, 302.86, 206.0
0.29, 302.86, 206.03
0.29, 302.86, 206.06
0.29, 302.86, 206.09
0.29, 302.86, 206.12
0.29, 302.86, 206.15
0.29, 302.86, 206.18
0.29, 302.86, 206.21
0.29, 302.86, 206.24
0.29, 302.86, 206.27
0.29, 302.86, 206.3
0.29, 302.86, 206.33
0.29, 302.86, 206.36
0.29, 302.86, 206.39
0.29, 302.86, 206.42
0.29, 302.86, 206.45
0.29, 302.86, 206.48
0.29, 302.86, 206.5
0.29, 302.86, 206.53
0.29, 302.86, 206.56
0.29, 302.86, 206.59
0.29, 302.86, 206.62
0.29, 302.86, 206.65
0.29, 302.86, 206.68
0.29, 302.86, 206.71
0.29, 302.86, 206.74
0.29, 302.86, 206.77
0.29, 302.86, 206.8
0.29, 302.86, 206.83
0.29, 302.86, 206.86
0.29, 302.86, 206.89
0.29, 302.86, 206.92
0.29, 302.86, 206.95
0.29, 302.86, 206.98
0.38, 302.77, 207.01
0.29, 302.86, 207.05
0.29, 302.86, 207.08
0.29, 302.86, 207.1
0.29, 302.86, 207.13
0.29, 302.86, 207.16
0.29, 302.86, 207.19
0.29, 302.86, 207.22
0.29, 302.86, 207.25
0.29, 302.86, 207.28
0.29, 302.86, 207.31
0.29, 302.86, 207.34
0.29, 302.86, 207.37
0.29, 302.86, 207.4
0.29, 302.86, 207.43
0.29, 302.86, 207.46
0.29, 302.86, 207.49
0.29, 302.86, 207.52
0.29, 302.86, 207.55
0.29, 302.86, 207.58
0.29, 302.86, 207.61
0.29, 302.86, 207.64
0.29, 302.86, 207.67
0.57, 302.58, 207.71
0.29, 302.86, 207.75
0.29, 302.86, 207.78
0.29, 302.86, 207.81
0.29, 302.86, 207.84
0.29, 302.86, 207.87
0.29, 302.86, 207.9
0.29, 302.86, 207.93
0.29, 302.86, 207.96
0.29, 302.86, 207.99
0.29, 302.86, 208.02
0.29, 302.86, 208.05
0.29, 302.86, 208.08
0.29, 302.86, 208.11
0.47, 302.68, 208.15
0.29, 302.86, 208.18
0.29, 302.86, 208.21
0.29, 302.86, 208.24
0.29, 302.86, 208.27
0.29, 302.86, 208.3
0.29, 302.86, 208.33
0.29, 302.86, 208.36
0.29, 302.86, 208.39
0.29, 302.86, 208.42
0.38, 302.77, 208.45
0.29, 302.86, 208.49
0.29, 302.86, 208.52
0.29, 302.86, 208.55
0.29, 302.86, 208.58
0.29, 302.86, 208.61
0.29, 302.86, 208.64
0.29, 302.86, 208.67
0.29, 302.86, 208.7
0.29, 302.86, 208.73
0.29, 302.86, 208.76
0.29, 302.86, 208.78
0.38, 302.77, 208.82
0.38, 302.77, 208.86
0.29, 302.86, 208.89
0.29, 302.86, 208.92
0.29, 302.86, 208.95
0.29, 302.86, 208.98
0.29, 302.86, 209.01
0.38, 302.77, 209.04
0.29, 302.86, 209.08
0.29, 302.86, 209.11
0.66, 302.49, 209.16
0.29, 302.86, 209.2
0.29, 302.86, 209.23
0.29, 302.86, 209.26
0.29, 302.86, 209.29
0.29, 302.86, 209.32
0.29, 302.86, 209.35
0.29, 302.86, 209.38
0.29, 302.86, 209.41
0.29, 302.86, 209.44
0.29, 302.86, 209.47
0.38, 302.77, 209.5
0.2, 302.95, 209.53
0.29, 302.86, 209.56
0.29, 302.86, 209.59
0.29, 302.86, 209.62
0.38, 302.77, 209.65
0.29, 302.86, 209.69
0.29, 302.86, 209.72
0.38, 302.77, 209.75
0.29, 302.86, 209.78
0.29, 302.86, 209.81
0.29, 302.86, 209.84
0.29, 302.86, 209.87
0.29, 302.86, 209.9
0.29, 302.86, 209.93
0.29, 302.86, 209.96
0.29, 302.86, 209.99
0.29, 302.86, 210.02
0.29, 302.86, 210.05
0.29, 302.86, 210.08
0.29, 302.86, 210.11
0.29, 302.86, 210.14
0.29, 302.86, 210.17
0.29, 302.86, 210.2
0.29, 302.86, 210.23
0.29, 302.86, 210.26
0.29, 302.86, 210.29
0.29, 302.86, 210.32
0.29, 302.86, 210.34
0.29, 302.86, 210.37
0.29, 302.86, 210.4
0.29, 302.86, 210.43
0.29, 302.86, 210.46
0.29, 302.86, 210.49
0.29, 302.86, 210.52
0.29, 302.86, 210.55
0.29, 302.86, 210.58
0.29, 302.86, 210.61
0.29, 302.86, 210.64
0.29, 302.86, 210.67
0.29, 302.86, 210.7
0.29, 302.86, 210.73
0.29, 302.86, 210.76
0.29, 302.86, 210.79
0.29, 302.86, 210.82
0.29, 302.86, 210.85
0.29, 302.86, 210.88
0.29, 302.86, 210.91
0.29, 302.86, 210.93
0.29, 302.86, 210.96
0.29, 302.86, 210.99
0.29, 302.86, 211.02
0.29, 302.86, 211.05
0.29, 302.86, 211.08
0.29, 302.86, 211.11
0.29, 302.86, 211.14
0.29, 302.86, 211.17
0.29, 302.86, 211.2
0.29, 302.86, 211.23
0.29, 302.86, 211.26
0.29, 302.86, 211.29
0.29, 302.86, 211.32
0.29, 302.86, 211.35
0.29, 302.86, 211.38
0.29, 302.86, 211.41
0.29, 302.86, 211.44
0.29, 302.86, 211.47
0.29, 302.86, 211.5
0.29, 302.86, 211.53
0.29, 302.86, 211.55
0.29, 302.86, 211.58
0.29, 302.86, 211.61
0.38, 302.77, 211.65
0.29, 302.86, 211.68
0.29, 302.86, 211.71
0.29, 302.86, 211.74
0.29, 302.86, 211.77
0.29, 302.86, 211.8
0.29, 302.86, 211.83
0.29, 302.86, 211.86
0.29, 302.86, 211.89
0.29, 302.86, 211.92
0.29, 302.86, 211.95
0.29, 302.86, 211.98
0.29, 302.86, 212.01
0.29, 302.86, 212.04
0.29, 302.86, 212.07
0.29, 302.86, 212.1
0.29, 302.86, 212.13
0.29, 302.86, 212.15
0.29, 302.86, 212.18
0.2, 302.95, 212.21
0.29, 302.86, 212.23
0.29, 302.86, 212.26
0.29, 302.86, 212.29
0.29, 302.86, 212.32
0.29, 302.86, 212.35
0.29, 302.86, 212.38
0.29, 302.86, 212.41
0.29, 302.86, 212.44
0.38, 302.77, 212.48
0.29, 302.86, 212.51
0.29, 302.86, 212.54
0.29, 302.86, 212.57
0.29, 302.86, 212.6
0.29, 302.86, 212.63
0.29, 302.86, 212.66
0.29, 302.86, 212.69
0.29, 302.86, 212.72
0.29, 302.86, 212.75
0.29, 302.86, 212.77
0.29, 302.86, 212.8
0.29, 302.86, 212.83
0.29, 302.86, 212.86
0.29, 302.86, 212.89
0.29, 302.86, 212.92
0.29, 302.86, 212.95
0.29, 302.86, 212.98
0.29, 302.86, 213.01
0.29, 302.86, 213.04
0.29, 302.86, 213.07
0.29, 302.86, 213.1
0.29, 302.86, 213.13
0.29, 302.86, 213.16
0.29, 302.86, 213.19
0.29, 302.86, 213.22
0.29, 302.86, 213.25
0.29, 302.86, 213.28
0.29, 302.86, 213.31
0.29, 302.86, 213.34
0.29, 302.86, 213.37
0.29, 302.86, 213.39
0.29, 302.86, 213.42
0.29, 302.86, 213.45
0.29, 302.86, 213.48
0.29, 302.86, 213.51
0.29, 302.86, 213.54
0.29, 302.86, 213.57
0.29, 302.86, 213.6
0.29, 302.86, 213.63
0.29, 302.86, 213.66
0.29, 302.86, 213.69
0.29, 302.86, 213.72
0.29, 302.86, 213.75
0.29, 302.86, 213.78
0.2, 302.95, 213.8
0.29, 302.86, 213.83
0.29, 302.86, 213.86
0.29, 302.86, 213.89
0.29, 302.86, 213.92
0.29, 302.86, 213.95
0.29, 302.86, 213.98
0.29, 302.86, 214.01
0.29, 302.86, 214.03
0.2, 302.95, 214.06
0.29, 302.86, 214.08
0.29, 302.86, 214.11
0.29, 302.86, 214.14
0.29, 302.86, 214.17
0.29, 302.86, 214.2
0.29, 302.86, 214.23
0.29, 302.86, 214.26
0.29, 302.86, 214.29
0.29, 302.86, 214.32
0.2, 302.95, 214.35
0.29, 302.86, 214.37
0.29, 302.86, 214.4
0.2, 302.95, 214.43
0.29, 302.86, 214.45
0.2, 302.95, 214.47
0.29, 302.86, 214.5
0.29, 302.86, 214.53
0.29, 302.86, 214.56
0.2, 302.95, 214.58
0.29, 302.86, 214.61
0.2, 302.95, 214.63
0.2, 302.95, 214.65
0.2, 302.95, 214.67
0.29, 302.86, 214.7
0.2, 302.95, 214.72
0.29, 302.86, 214.75
0.29, 302.86, 214.78
0.29, 302.86, 214.81
0.2, 302.95, 214.83
0.2, 302.95, 214.85
0.2, 302.95, 214.87
0.2, 302.95, 214.89
0.2, 302.95, 214.91
0.29, 302.86, 214.94
0.29, 302.86, 214.97
0.29, 302.86, 215.0
0.2, 302.95, 215.02
0.2, 302.95, 215.04
0.2, 302.95, 215.06
0.29, 302.86, 215.09
0.2, 302.95, 215.11
0.2, 302.95, 215.13
0.2, 302.95, 215.15
0.2, 302.95, 215.17
0.29, 302.86, 215.2
0.2, 302.95, 215.22
0.29, 302.86, 215.25
0.29, 302.86, 215.28
0.29, 302.86, 215.31
0.29, 302.86, 215.34
0.29, 302.86, 215.36
0.2, 302.95, 215.39
0.2, 302.95, 215.41
0.29, 302.86, 215.44
0.2, 302.95, 215.46
0.29, 302.86, 215.48
0.29, 302.86, 215.51
0.29, 302.86, 215.54
0.29, 302.86, 215.57
0.29, 302.86, 215.6
0.29, 302.86, 215.63
0.29, 302.86, 215.66
0.2, 302.95, 215.69
0.29, 302.86, 215.71
0.29, 302.86, 215.74
0.29, 302.86, 215.77
0.29, 302.86, 215.8
0.29, 302.86, 215.83
0.29, 302.86, 215.86
0.29, 302.86, 215.89
0.29, 302.86, 215.92
